(sound like) please,nɔ̀ɔi,หน่อย
a little,níd-nɔ̀ɔi,นิดหน่อย
a lot,mâak/yə́,มาก / เยอะ
about,giàw-gàp,เกี่ยวกับ
ache,bpuàt,ปวด
across,kâam,ตรงข้าม
actually,jing jing láew,จริงจริงแล้ว
Actually I am a woman.,jing jing láew pǒm/di chán bpen pûu yǐng,จริงจริงแล้วผม/ดิฉันเป็นผู้หญิง
"Actually, I am afraid of my girlfriend.","jing jing láew , pǒm/di chán glua faen",จริงจริงแล้วผม/ดิฉันกลัวแฟน
add eg food,sài,ใส่
adult,pûu yài,ผู้ใหญ่
afraid,glua,กลัว
after,lǎng jàak,หลังจาก
"After 10 beers, I said “I will miss only you”","lǎng jàak bia 10 kùat, pǒm/di chán bɔ̀ɔk wâa pǒm/di chán jà kít tʉ̌ng tâo nán",หลังจากเบียร์ 10 ขวดผม/ดิฉันบอกว่าผม/ดิฉันจะคิดถึงเท่านั้น
afternoon,bàai,บ่าย
Afternoon,dtɔɔn tiâng,ตอนบ่าย
again,ìik,อีก
again,ìik-tii,อีกที่
age,aa-yú,อายุ
airplane,krʉâng-bin,เครื่องบิน
airport,ae-pɔ̀ɔt,แอพอต
airport,sà-nǎam-bin,สนามบิน
All right.,gɔ̂ɔ dâi,ก๊ได้
alone,kon-diaw,คนเดียว
alright,gɔ̂ɔ-daî,ก็ใด
also,dûai,ด้วย
always,sa mə̌ə sa mə̌ə,เสมอ ๆ
and,gàp,กับ
answer,dtɔ̀ɔp,ตอบ
And how about you?,kun la?,คุณละ
and then,lá-gɔ̂ɔ / láew-gɔ̂ɔ,ล้ะก็ / แล้วก็
angry,gròot,โกรธ
"appointment, to have",mii-nát,มีนัด
anticipate,kâat,คาด
approximate,bprà maan,ประมาณ
April,meh-sǎa(yon),เมษา(ยน) (เม.ย.)
Are you better?,dii-kʉ̂n-mái-k,ดีคืนหไม
Are you hungry?,kun hǐw mái?,คุณหิวไหม
Are you married yet ?,kun dtɛ̀ɛng-ngaan rʉ́ yang ?,คุณแต่งงานหรือยัง
are you married?,dtàeng-ngaan-rʉ́-yang(?),แต่งงานหรือยัง
Are you tired?,kun nʉ̀ay mái?,คุณเหนื่อยไหม
arm,kǎen,แขน
as well,dûai,ด้วย
ask (question),tǎam,ถาม
ask for,kɔ̌ɔ,ขอ
at,tîi,ที่
at,dtɔɔn,ตอน
At 3 p.m. the weather is too hot.,dtɔɔn bàai 3 moong aa gaàt rɔ́ɔn gəən bpai,บ่ายสามโมงอากาศร้อนเกินไป
At Tesco Lotus Chang Beer is not very expensive.,"tîI Tesco Lotus, Bia cháang mâi kɔ̂ɔi paeng",ที่เท็สโคโลทัสเบียร์ช้างไม่ค่อยแพง
At what time?,gìi moong?,กี่โมง
at/in – time only,dtɔɔn,ตอน
aunt,aa,อา
August,sǐng-hǎa(kom),สิงหา(คม) (ส.ค.)
available,wâang,ว่าง
back,glàp,กล้บ
back to,glàp,กล้บ
bad characteristic,kîi…,ขี้
badminton,bàet-min-dtân,แบดมินตัน
bag,tǔng,ถุง
baht,bàat,บาท
banana,glûai,กล้วย
banana shake,gluây bpàn,กล้วยปั่น
bank,baéng / tá-naa-kaan ,แบงก์ / ธนาคาร
barbecue,yâang,ย่าง
barber,châang-dtàt-pǒm,ช่างตัดผม
barber shop,ráan dtàt pǒm,ร้านตัดผม
base,tǎan,ฐาน
bathe,àap-náam,อาบน้ำ
bathroom,hɔ̂ɔng náam,ห้องน้ำ
beard,krao,เครา
beautiful,suǎi,สวย
beautiful girl,pûu-yǐng-suǎi,ผู้หญิงสวย
because,prɔ́-wâa,เพราะว่า
Because durian stink.,prɔ́ wâa tú-rian měn,เพราะว่าทุเรียนเหม็น
bedroom,hɔ̂ɔng nɔɔn,ห้องนอน
beef,nʉ́a,เนื้อวัว
beer,bia,เบียร์
before,gɔɔ̀n,ก่อน
before,mûa gɔ̀ɔn,เมื่อก่อน
Before I liked to sleep in the bathroom.,mûa gɔ̀ɔn pǒm/di chán chɔ̂ɔp nɔɔn nai hɔ̂ɔng náam,เมื่อก่อนผม/ดิฉันชอบนอนในห้องน้ำ
behind,lǎng,หลัง
bell (big),rákang,ระฃัง
belong to,kɔ̌ɔng,ของ
beloved king (thai king),Nai-luǎng,todo
below,làang,ล่าง
belt,kěm-kàt,เข็มขัด
beside,kâang,ข้าง
bicycle,jàk-grà-yaan,จักรยาน
big,yài,ใหญ่
big bell,rákang,ระฃัง
bird wing, bpìik,ปีก
bitter,kǒm,ขม
black,sǐǐ-dam,สีดำ
bland taste,jʉ̀ʉt,จืด
Blend,bpàn,ปัน
blind (sightless),dtaabɔ̀ɔt,ตาบอด
blocked,dtan,ตัน
blouse,sʉ̂a,เสื้อ
blue,sǐǐ-náam-ngen,สีน้ำเงิน
blue(light),sǐǐ-fáa,สีฟ้า
boat,rʉa,เรือ
body,dtua,ตัว
bone,grà-dùuk,กระดูก
book,nǎng-sʉ̌ʉ,หนังสือ
book shop,raán-nǎng-sʉ̌ʉ,ร้านหนังสือ
bored,bùa,เบื่อ
boring,náa bùa,น่าเบื่อ
born,gə̀ət,เกิด
bottle,kuàt,ขวด
bowl,chaam,ชาม
boyfriend,Faen,แฟน
bracelet,gam-lai,กำไล
Brad Pitt was very excited when he met kruu Nicha.,Brad Pitt dtùun dtên mûa káo jəə kruu Nicha.,Brad Pitt ตื่นเต้นเมื่อเขาเจอะครูนีชา
breast,nom,นม
broken (shattered),dtɛ̀ɛk,แตก
broken(eg leg etc),hàk,หัก
broken(dysfunctional),sǐa,เสีย
broken-hearted,òk hàk,อกหัก
brown,sǐǐ-náam-dtaan,สีน้ำตาล
buffalo,kwaai,ควาย
building (large),rong,โรง
bump,chon,ขน
bus,rót-bát/rót-meh,รถบัส/รถเ
bus(long distance),rót-tua,รถทัวร์
business,tú rá gìt,ธุรกิจ
business man,nák-tú-rá-gìt,นักธุรกิจ
business owner,jâo-kɔ̌ɔng-tú-rá-gìt,เจ้าของธุรกิจ
busy,yûng,ยุ่ง
but,dtàe-wâa,แต่ว่า
buy,sʉ́ʉ,ซื้อ
buy things,sʉ́ʉ kɔ̂ɔng,ซื้อของ
calendar,bpàdtìtin,ปฏิทิน
calm,jai-yen,ใจเย็น
Calm down,jai-yen-yen-k,ใจเย็น ๆ
can not,mâi-dâi,ไม่ได้
Can you dance with me?,kun dtên gàp pǒm dâi mái?,คุณเต้นกับผมได้ไหม
Can you eat spicy food?,kun gin aa hǎan pèt dâi mái?,คุณกินอาหารเผ็ดได้ไหม
Can you reduce the price?,lót-nɔ̀ɔi-dâi-mái-k,ลดเน้อยได้ไหม
Can you speak English ?,kun pûut paa sǎa ang grìt dâi mái ?,คุณพูดภาษาอังกฤษได้ไหม
can…..?,dâi-mái,ได้ไหม
car,rót,รถ
car,rót-yon,รถยนต์
carry,tʉ̆a,ถือ
carry out,bpàdtìbàdtì,ปฏิบัติ
cash,ngən sòt,เงินสด
Chang beer,bia cháang,เบียร์ช้าง
chain,sôo,โซ่
characterized by,kîi,ขี้
celebtate,chàlɔ̌ɔng,ฉลอง
chat,kui,คุย
cheap,tùuk,ถูก
cheap (character),kîi niǎw,ขี้เหนียว
chest,nom,นม
Chiang Mai is very beautiful.,Chiang mài suǎi mâak mâak.,เชียงใหม่สวยมาก ๆ
chiang mai noodles with pork/chicken/beef,kâao sɔɔi (mǔu / gài / núa),ข้าวซอย(หมู/ไก่/เนื้อ)
Chiang Mai University,mɔɔ chɔɔ,มอชอ
chicken,gài,ไก่
child,lûuk,เด็ก
children,dèk,เด็ก
Children think a birthday party is good fun.,dèk dèk kít wâa ngaan wan gə̀ət sa nùk dii,เด็ก ๆ คิดว่างานวันเกิดสนุกดี
chili,prík,พริก
chin,kang,คาง
chopsticks,dtà-gìab,ตะเกียบ
city,mʉang,เมือง
clean,sà-àat,สะอาด
clear (transparent),ŝǎi,ใส
clever,chàlàat,ฉลาด
clf. magazine,chàbàp,ฉบับ
close (shut),bpìt,ปิด
close friend,pûan sa nìt,เพื่อนสนิท
clothes basket,dtà-grâa-sʉ̂a-pâa,ตะกร้าเสื้อผ้า
coconut,má-práao,มะพร้าว
coffee,gaa-fae,กาแฟ
coffee hot/ice,gaa fae rɔ́ɔn/yen,กาแฟร้อน / เย็น
coffee shop,raán-gaa-fae,ร้านกาแฟ
cold,yen,เย็น
cold (feel),nǎao,หนาว
college student,nák-sʉ̀k-sǎa,นักศึกษา
come,maa,มา
come from,maa-jàak,มาจาก
come late,maa sǎai,มาสาย
comfortable,sa-baai,สบาย
company employee (job),tam-ngaan-bɔɔ-rí-sàt,ทำงานบริษัท
complain,bòn,บ่น
concern to,giàw-gàp,เกี่ยวกับ
confused,ngong,งง
Congratulations,dii-jai-dûai-ná-k,ดีใจด้วยด้วยน้ะ
cooked,sùk,สุก
cool,yen,เย็น
country,bprà-têt,ประเทศ
crab,bpuu,ปู
credit card,bàt kre dìt,บัตรเครดิต
crime,bàap,บาป
cross,kâam,ข้าม
cross-road,sìi yâek,สี่แยก
crow,gaa,กา
cry,rɔ́ɔng hâai,ร้องไห้
culture,wádtóntam,วัฒนธรรม
curry,gaeng,แกง
cushion,bɔ̀,เบาะ
custard apple,nɔ́ɔi naà,น้อยหน่า
cut,dtàt,ตัด
cute,nâa-rák,น่ารัก
cymbal,chìng,ฉิ่ง
Daily rent is 200 baht only,kâa châo wan lá 200 bàat tâo nán,เช่าวันละ 200 บาทเท่านั้น
damaged,sǐa,เสีย
dance,dtên,เต้น
dangerous,an-dta-rai,อันตราย
dark (color),gàe / kem,แก่ / เข้ม
date,wan-tîi,วันที่
daughter,lûuk-sǎao,ลูกสาว
day,wan,วัน
Day off,wan yùt,วันหยุด
day time,dtɔɔn-glaang-wan,ตอนกลางวัน
December,tan-waa(kom),ธันวา(คม) (ธ.ค.)
decrease,lót,ลด
deep fry,tɔ̂ɔt,ทอด
definitions,kam sàp,คำศัพท์
delicious,arɔ̀ɔi,อร่อย
dentist,mɔ̌ɔ-fan,หมอฟัน
depend on.,láew-dtàe-k,แล้วแต่
destination,tîi tiâw,ที่เที่ยว
Dharma,dam,ธรรม
diarrhea,tɔ́ɔng-sǐa,ท้องเสีย
did you go see the doctor?,bpai-hǎa-mɔ̌ɔ-rʉ́-yang(?) K,ไปหาหมอหรือยัง
did you take the medicine,gin-yaa-rʉ́-yang(?) K,กินยาหรือยัง
die,dtaai,ตาย
difficult,yâak,ยาก
different from,dtàang jàak,ต่างจาก
dimple,lák-yím,ลักยิ้ม
dinner,aa hǎan yen,อาหารเย็น
dirty,sòk-ga-bpròk,สกปรก
disappear,hǎai,หาย
discount,lót-nɔ̀ɔi,ลดหน่อย
divorce,yàa,หย่า
do,tam,ทำ
do garden,tam sǔan,ทำสวน
do meditate,tam sa maa tí,ทำสมาธิ
do yoga,lên yoo ká,เล่นโยคะ
Do you … often?,bɔ̀ɔi mái?,บ่อยไหม
Do you have any children ?,kun mii lûuk rʉ́ yang?,คุณมีเด็กหรือยัง
Do you have free time now?,dtɔɔn níi kun mii wâang mái?,ตอนนี้คุณมีว่างไหม
Do you know him/her ?,kun-rúu-jàk-káo-mâi-k,คุณรู้จักเขาไหม
Do you know Kad Suan Kaew?,kun rúu jàak Kad Suan Kaew mái,คุณรู้จากกาดสวนแก้วไหม
Do you like bananas or apples ?,kun chɔ̂ɔp glûai rʉ̌ʉ ɛ́ɛp bpə̂n,คุณชอบกล้วยหรือแอปเปิ้ล?
Do you like green mango or the ripe one ?,kun chɔ̂ɔp má-mûang dìp rʉ̌ʉ má-mûang sùk ?,คุณชอบมะม่วงดิบหรือมะม่วงสุก
Do you like Monday or Saturday?,kun chɔ̂ɔp wan jan rʉ̌ʉ wan sǎao,คุณเชอบวันจันทร์หรือวันเสาร์
Do you like the sea or mountain?,kun chɔ̂ɔp ta lee rʉ̌ʉ puu kǎo,ชอบชอบทะเลหรือภูเขา
Do you like to listen to music or sing?,kun chɔ̂ɔp rɔ́ɔng pleng rʉ̌ʉ fang pleng,คุณเชอบร้องเพลงหรือฟังเพลง
do you rent or buy house,kun châo bâan rʉ̌ʉ sʉ́ʉ bâan k?,คุณเช่าบ้านหรือซื้อบ้าน
Do you rent or buy motor cycle,kun châo mɔɔ dtəə sai rʉ̌ʉ sʉ́ʉ mɔɔ dtəə sai?,คุณเช่ามอเตอร์ไซค์หรือซื้อมอเตอร์ไซค์
Do you understand?,kun kâo jai mái?,คุณเข้าใจไหม
Do you want? (to take thing),ao-mái-k,เอาไหม
down,long,ลง
doctor,mɔ̌ɔ,หมอ
dollar,dɔn-lâa,ดอลลาร์
don't,yàa,อย่า
Don’t be sad.,mâi-dtɔ̂ɔng-sǐa-jai-k,ไม่ต้องเสียใจ
don’t want to take (thing),mâi-ao,ไม่เอา
draw a picture,wâat rûup,วาดรูป
dream,fǎn,ฝัน
drink,dʉ̀ʉm,ดื่ม
drive car arrive school,kàp rót maa rong rian,ขับรถมาโรงเรียน
Drive safely.,kìi / kàp rót dii dii ná,ขี่ขับรถดี ๆนะ
drive(car),kàp(rót),ขับ(รถ)
drop off someone,bpai sòng,ไปส่ง
drug store,ráan kǎai yaa,ร้านขายยา
drunk,mao,เมา
drunkard,kîi mao,ขี้เมา
Dtum’s house is behind We Learn Thai School.,bâan kɔ̌ɔng Dtum yùu lǎng roong rian We Learn Thai,บ้านของอยู่หลังโรงเรียนWLT
durian,tú-rian,ทุเรียน
dumb (speechless),bâi,ใบ้
ear,hǔu,หู
early,reo,เร็ว
earring,dtûm-hǔu,ตุ้มหู
easy,ngâai,ง่าย
eat,gin,กิน
eat (polite),taan,ทาน
egg,kài,ไข่
egg noodle with curry,kâao-sɔɔi,ข้าวซอย
egg noodles,bà-mìi,บะหมี่
elbow,sɔ̀ɔk,ศอก
electric bill,kâa fai,ค่าไฟ
electric bill is too much,kâa fai paeng gəən bpai k,ค่าไฟแพงเกินไป
elephant,cháang,ช้าง
enchanted,lǒnglǎi,หลงใหล
engineer,wít-sà-wá-gɔɔn,อังกฤษ
English,ang-grìt,อังกฤษ
enter,kâo,เข้า
envelope,sɔɔng,ซอง
errand,tú rá,ธุระ
evening,yen,เย็น
Evening,dtɔɔn yen,ตอนเย็น
ever,kəəi,เตย
every,túk,ทุก
everyday,túk-wan,ทุกวัน
everyone,túk-kon,ทุกคน
example,bɛ̀ɛp,แบบ
excited,dtùun dtên,ตื่นเต้น
excuse me,kɔ̌ɔ-tôt,ขอโทษ
expensive,paeng,แพง
eye,dtaa,ตา
eyebrow,kíu,คิ้ว
eyelash,Kǒn-dtaa,ขนตา
face,nâa,หน้า
family,krɔ̂ɔp-krua,ครอบครัว
far,glai,ไกล
farmer,chaao-naa,ชาวนา
fast,reo,เร็ว
faster,reo-reo,เร็ว ๆ
fat (obese),uân,อ้วน
fat stomach,pung,พุง
father,pɔ̂ɔ,พ่อ
father or mother’s older brother,lung,ลุง
father or mother’s older sister,bpâa,ป้า
father’s younger brother or sister,aa,อา
February,gum-paa(pan),กุมภา(พันธ์) (ก.พ.)
fee,kâa,ค่า
feed,liáng,เลี้ยง
feel,rúu sùk,รู้สึก
find,jəə,เจอ
fingers,níu-mʉʉ,นิ้วมือ
finish,sèt,เสร็จ
finished studying,rian sèt,เรียนเสร็จ
finished work,tam ngaan sèt,ทำงานเสร็จ
fire,fai,ไฟ
first name,chʉ̂ʉ-jing,ชื่อจริง
first time,kráng râek,ครั้งแรก
fish,bplaa,ปลา
fix,sɔ̂ɔm,ซ่อม
flag,tóng,ธง
flavor,rót,รส
flavour,rót,รส
flirt,jìip,จีบ
flirtatious,jâo chúu,เจ้าชู้
flower,dɔ̀ɔk,ดอก
food,aa-hǎan,อาหาร
foot,táao,เท้า
For how many hours?,gìi chûa moong?,กี่ชั่วโมง
for how many minutes?,gìi naa tii?,กี่นาที
forest,bpàa,ป่า
forget,lʉʉm,ลืม
forgetful,kîi lʉʉm,ขี้ลืม
fork,sɔ̂ɔm,ส้อม
fragrant,hɔ̌ɔm,หอม
free time,wâang,ว่าง
fresh,sòt,สด
Friday,wan-sùk,วันศุกร์
fried egg,kài-dao,ไข่ดาว
fried mixed vegetables,pàt-pàk-ruam,ผักผัดรวม
Fried mixed vegetables is not very delicious.,pàt pàk ruam mâi kɔ̂ɔi arɔ̀ɔi,ผัดผักรวมไม่ข้อยอร่อย
fried rice,kâao-pàt,ข้าวผัด
Fried rice with chicken is about 100 baht.,kaâo pàt gûng bprà maan 100 bàat,ข้าวผัดไก่ประมาณ 100 บาท
fried rice with pork/chicken/prawn,kaâo pàt ( mǔu / gài / gûng ),ข้าวผัด (หมู / ไก่ / กุ้ง)
fried sweet and sour vegetables,pàt bpriâw wâan,ผัดผักเปรี้ยวหวาน
friend,pʉân,เพื่อน
from,jàak,จาก
fruit,pǒn-la-máai,ผลไม้
fun,sa-nùk,สนุก
funeral,ngaan sòp,งานศพ
fur,kǒn,ขน
future,wan nâa,วันหน้า
garden,suǎn,สวน
get a cold,wàt,เป็นหวัด
get dressed,dtàeng-dtua,แต่งตัว
get well,hǎai-láew-k,หายแล้ว
get well soon.,hǎai-reo-reo-ná-k,หายเร็ว ๆ
girlfriend,Faen,แฟน
give,hâi,ให้
give for free,jɛ̀ɛk,แจก
glad,dii jai,ดีใจ
glad to hear,dii jai dûay,ดีใจด้วย
glass,gâew,แก้ว
glasses (spectacles),wâen-dtaa,แว่นตา
go,bpai,ไป
Go for it!!!,dâi ləəi,ได้เลิย
go out and about,bpai-tiâw,ไปเที่ยว
go straight,dtrong-bpai,ตรงไป
"Go straight about 500 meters, then turn left.","dtrong bpai bprà maan 500 mét, lá gɔ̂ɔ liáw sáai",ตรงไปประมาณแล้วก็เลี้ยวซ้าย
Go straight then turn left.,dtrong bpai láew gɔ̂ɔ liáw sáai,ตรงไปแล้วก็เลี้ยวซ้าย
go up,kʉ̂n,ขึ้น
gong,k̂ɔ́ɔng,ฃ้อง
good,dii,ดี
good at,gèng,เก่ง
good hearted,jai dii,ใจดี
good luck,chôk-dii,โชคดี
good mood,aa rom dii,อารมณ์ดี
good smell,hɔ̌ɔm,หอม
government official,kâa-râat-cha-gaan,ข้าราชการ
grandfather(father side),bpùu,ปู่
grandfather(mother side),dtaa,ตา
grandmother(father side),yâa,ย่า
grandmother(mother side),yaai,ยาย
grass,yâa,หญ้า
gray,sǐǐ-tao,สีเทา
green,sǐǐ-kiǎw,สีเขียว
grow big,dtai,โต
guava,fá-ràng,ฝรั่ง
habitually,kîi,ขี้
hair,pǒm,ผม
Hair – not person head,kǒn,ขน
half,krʉ̂ng,ครึ่ง
hand,mʉʉ,มือ
handsome,lɔ̀ɔ,หล่อ
happiness,kwaam sùk,ความสุข
happy,sùk,สุข
Happy birthday.,sùk sǎn wan gə̀ət,สุขสันต์วันเกิด
harpoon,bpàdtàk,ปฏัก
has,mii,มี
hat,muàk,หมวก
have,mii,มี
have a fever,kâi,ไข้
have a good trip,tîaw-hâi-sa-nùk-ná,เที่ยวให้สนุกนะ
have a problem,mii bpan hǎa,มีปัญหา
have an appointment,mii nát,มีนัด
have appointment,mii-nát,มีนัด
have cancer,ma-reng,มะเร็ง
have experienced,kəəi,เคย
have got to go now,bpai gɔ̀ɔn ná,ไปก่อนนะ
have time,Wâang / mii weh laa,ว่าง / มีเวลา
Have you eaten yet?,gin-kâao-rʉ́-yang(?)k,กินมีนัดหรือยัง
Have you ever been to Sàmǔi ?,kun kəəi bpai sà mǔi mái ?,คุณเคยไปสมุยไหม
Have you ever eaten watermelon?,kun kəəi gin dtaeng-moo mái?,คุณเคยกินแตงโมไหม
he,Káo,เขา
He does not eat beef.,káo mâi gin nʉ́a,เขาไม่กินเนื้อ
He does not like spicy food.,káo mâi chɔ̂ɔp aa hǎan pèt,เขาไม่ชอบอาหารเผ็ด
He does not want to sleep.,káo mâi yàak nɔɔn (làp),เขาไม่อยากนอน(หลับ)
He doesn’t like to go to the hospital.,káo mâi chɔ̂ɔp bpai roong pa yaa baan,เขาไม่ชอบไปโรงพยาบาล
"He drank a lot at the wedding ceremony, so he vomited.","káo dùum mâak tîi ngaan dtaèng ngaan , káo gɔ̂ɔ ləəi aa jian","เขาดื่มมากที่งานแต่งงาน, เขาก๊เลิยอาเจียน"
He is a barber because he likes fashion.,káo bpen châang dtàt pǒm prɔ́ wâa káo chɔ̂ɔp fae chân,เขาเป็นช่างตัดผมเพราะว่าเขาชอบแฟชั่น
He is playful when he gets drunk.,káo kîi lên mûa káo mao,เขาขี้เล่นเมื่อเขาเมา
He likes to play sport.,káo chɔ̂ɔp lên gii laa,เขาชอบเล่นกีฬา
He lives alone.,káo yùu kon-diao,เขาอยู่คนเดียว
He looks tired today,wan níi káo duu nùai,วันนี้เขาดูเหนื่อย
He rented the beautiful house last month.,káo châo bâan sǔay dʉan tîi láew,เขาเช่าบ้านสวยเดือนที่แล้ว
He returned home this morning.,mʉ̂a cháao níi káo glàp bâan,เมื่อเช้านี้นี้เขากลับบ้าน
He said that he is a superstar.,káo bɔ̀ɔk wâa káo bpen daa raa,เขาบอกว่าเเขาป็นดารา
He said that he will marry a Thai person.,káo bɔ̀ɔk wâa káo jà dtɛ̀ɛng ngaan gàp kon Thai,เขาบอกว่าเเขาจะแต่งงานคนไทย
He sang a song last weekend.,aa tít tîi lɛ́ɛw káo rɔ́ɔng pleeng,อาทิตย์ที่แล้วเขาร้องเพลง
He usually drinks many cups of coffee.,"bpà gà dtì , káo dùum gaa fae lǎai gâew",ปกติเขาดื่มกาแฟหลายแก้ว
He was very drunk last Monday.,káo mao mâak mâak wan jan tîi lɛ́ɛw,เขาเมามาก ๆวันจันทร์ที่แล้ว
He will buy something at Kad Suan Kaew.,káo jà sʉ́ʉ kɔ̌ɔng tîI Kad Suan Kaew.,เขาจะซื้อของที่กาดสวนแก้ว
He will go to the airport at three p.m.,dtɔɔn bàai sǎam moong káo jà bpai sà nǎam bin,ตอนบ่ายสามโมงเขาจะไปสนามบิน
He woke up at noon.,dtɔɔn tîang káo dtʉ̀ʉn nɔɔn,ตอนเที่ยงเขาตื่นนอน
He worked in Thailand previously.,mûa gɔ̀ɔn káo tam ngaan tîI Thai,เมื่อก่อนเขาทำงานที่ประเทศไทย
He’s very handsome.,káo lɔ̀ɔ mâak mâak.,เขาหล่อมาก ๆ
head,hǔa,หัว
head-dress,chàdaa,ชฎา
hear that,dâi yin wâa,ได้ยินว่า
heart,hǔa-jai,หัวใจ
heart,jai,ใจ
heart (emotional),òk,อก
heart/mind,jai..,ใจ
heavy,nàk,หนัก
help,chûai,ช่วย
Her son is 16 years old.,lûuk-chaai (kɔ̌ɔng) káo aa-yú sìp hòk bpii,ลูกชายของเขาอายุสิบหกปี
here,tîi-nǐi,ที่นี่
high (of person),sǔung,สูง
His daughter likes to sing.,lûuk sǎao (kɔ̌ɔng) káo chɔ̂ɔp rɔ́ɔng pleeng,ลูกสาวของเขาชอบร้องเพลง
His mother is a restaurant owner.,mâe (kɔ̌ɔng) káo bpen jâo kɔ̌ɔng ráan aa-hǎan,แม่(ของ)เขาเป็นเจ้าของร้านอาหาร
His wife’s name is Wanpen.,pan-rá-yaa (kɔ̌ɔng) káo chʉ̂ʉ Wanpen,ภรรยา(ของ)เขาชื่อวันเพ็ญ
hit,dtii,ตี
holiday,wan-yùt,วันหยุด
homework,gaan-bâan,การบ้าน
hospital,roong pa ya baan,โรงพยาบาล
hot,rɔ́ɔn,ร้อน
hotel,rong-raem,โรงแรม
hour,chûa moong,ชั่วโมง
house,bâan,บ้าน
House is too small,Bâan lék gəən bpai  k,บ้านเล็กเกินไป
house warming,ngaan kûn bâan mài,งานขึ้นบ้านใหม่
housewife,mâe-bâan,แม่บ้าน
how,yang ngai,อย่างไง
How about you?,(láew)kun-là-k,(แล้ว)คุณล่ะ
How are you ?,kun sa baai dii mái?,คุณสบายดีไหม
How are you?,bpen (yang) ngai baâng ?,เป็น(ยัง)ไงบ้าง
How do you come to CMU?,kun maa Mɔɔ chɔɔ yang ngai?,คุณมามอชออย่างไง
How do you do when you have a problem?,mûa mii bpan hǎa kun tam yang ngai?,เมื่อมีปัญหาทำอย่างไง
How do you feel when you talk with Thais?,kun rúu sùk yang ngai mûa pûut gàp kon Thai,คุณรู้สึกอย่างไงเมื่อพูดกับคนไทย
How is Chiang Mai?,Chiang Mai bpen yang ngai bâang,เชียงใหม่เป็นยังไง
How is everything?,bpen (yang) ngai baâng ?,เป็น(ยัง)ไงบ้าง
How is the hotel?,roong raem bpen yang ngai bâang  k?,โรงแรมเป็นอย่างไงบ้าง
How is the house?,bâan bpen yang ngai bâang  k?,บ้านเป็นอย่างไงบ้าง
how is the room?,hɔ̂ɔng bpen yang ngai bâang  k?,ห้องเป็นอย่างไงบ้าง
How is your work?,ngaan bpen yang ngai bâang,ทำงานเป็นอย่างไง
how is…?,… bpen yang ngai bâang ?,….เป็นอย่างไงบ้าง
How long will you stay in Chiang Mai?,kun jà yùu Chiang Mai naan tâo rài ?,คุณจะอยู่นานเท่าไร
how long?,naan tâo rài?,นานเท่าไหร่
How many (?),tâo-rài,เท่าใด
How many baht is this one?,an-níi-gìi-bàat-k,อันนี้กี่บาทบาท
How many children does he have ?,káo mii lûuk gìi ? kon,เขามีลูกกี่คน
How many hours do you swim with your father?,kun wâai náam gàp pɔ̂ɔ kɔ̌ɔng kun gìi chûa moong ?,คุณว่ายน้ำกับพ่อของคุณกี่ชั่วโมง
How many months will you stay here ?,kun jà yùu tîi nîi gìi dʉan,คุณจะอยู่ที่นี่กี่เดือน
How much (?),gìi bàat,กี่บาท
How much is this one?,an-níi-tâo-rài-k,อันนี้เท่าไหร่
How much(?),gìi,กี่
How often,bɔ̀ɔi mái?,บ่อยไหม
How often do you play sport?,kun lên gii laa bɔ̀ɔi mái,คุณเล่นกีฬาบ่อยไหม
How often do you speak Thai?,kun pûut Thai bɔ̀ɔi mái,คุณพูดไทยบ่อยไห
How old are you?,kun aa yú tâo-rài,คุณอายุเท่าไหร่
How to say “I love you” in Thai?,I Love you” pûut Thai yang ngai k?,todo
how?,yang-ngai (?),อย่างไง
How’s everything?,bpen (yang) ngai baâng ?,เป็น(ยังไง)บ้าง
hungry,hǐu,หิว
hurry,rîip,รีบ
hurt,jèp,จ็บ
husband,Faen / puǎ /sǎa-mii,แฟน / ผัว / สามี
I (female),di-chán,ดีฉัน
I (male),pŏm,ผม
I always love you.,pǒm rák kun sà mə̌ə sà mə̌ə,ผมรักคุณเสมอ ๆ
I am …………..,bpen…….K,ดีฉัน/ผม เป็น
I am 54 years old.,pǒm / di chán aa yú hâa sìp sìi bpii,ผม/ ดีฉันห้าสิบสี่ปี
I am a student now.,dtɔɔn níi pǒm/di chán bpen nák rian,ตอนนี้ผม/ดิฉันเป็นนักเรียน
I am a student.,pǒm / di chán bpen nák rian,ผม/ ดีฉันเป็นนักเรียน
I am a teacher because I love to teach children.,pǒm / di chán bpen kruu prɔ́ wâa pǒm / di chán chɔ̂ɔp sɔ̌ɔn dèk,ผม/ ดีฉันเป็นครูเพราะว่าเช่นสอนเด็ก
I am already full,pǒm/di chán im lɛ́ɛw,ผม/ดิฉันอิ่มแล้ว
I am available at 6 pm.,pǒm/di chán wâang 6 moong yen,ผม/ดีฉันว่าง 6 โมงเย็น
I am broken hearted once a week.,pǒm/di chán òk hàk aa tít lá 1 kráng,ผม/ดิฉันอกหักอาทิตย์ละ 1 ครั้ง
I am doing homework.,pǒm / di chán tam gaan bâan,ผม/ ดีฉันทำการบ้าน
I am excited when I meet the policeman.,pǒm/di chán dtùun dtên mûa jəə dtam rùat,ผม/ดิฉันตื่นเต้นเมื่อเจอะตำรวจ
I am going on an errand with a handsome man.,pǒm/di chán jà bpai tú rá gàp pûu chaai lɔ̀ɔ,ผม/ดีฉันจะไปธุระกับผู้ชาย
I am hungover in the classroom twice a week.,pǒm/di chán mao kâang nai hɔ̂ɔng rian aa tít lá 2 kráng,ผม/ดิฉันเมาค้างในห้องเรียนอาทิตย์ละ 2 ครั้ง
I am irritated if I cannot speak Thai.,pǒm/di chán ngùt ngìt tâa pǒm/di chán pûut Thai mâI dâI,ผม/ดิฉัน todo
I am lazy so I am unemployed.,"pǒm/di chán kîi giàt, pǒm/di chán gɔ̂ɔ ləəi wâang ngaan",ผม/ดิฉันขี้เกียจผม/ดิฉันก้อเลิยอว่างงาน
I am not married yet.,pǒm / di chán yang mâi (dâi) dtɛ̀ɛng-ngaan,ผม/ ดีฉันยังไม่(ได้)แต่งงาน
I am not very busy,pǒm/di chán mâi kɔ̂ɔi yûng,ผม/ดีฉันไม่ข้อยยุ่ง
I am usually busy on Mondays.,"bpà gà dtì, pǒm/di chán yûng wan jan",ปกติผม/ดีฉันยุ่งวันจันทร์
I am very busy.,pǒm/di chán yûng mâak,ผม/ดีฉันยุ่งมาก
I back home at 4:30am every day.,pǒm/di chán glàp bâan 4 moong yen túk wan,ผม/ดีฉันกล้บบ้าน 4 โมงเย็น
I came to Chiang Mai 2 years ago.,sɔ̌ɔng bpii tîi lɛ́ɛw pǒm / di chán maa chiang mài,สองปีที่แล้วผม/ ดีฉันมาเชียงใหม่
I can speak a little bit Thai.,pǒm / di chán pûut paa sǎa Thai dâi níi nɔ̀ɔi,ผม/ ดีฉันพูดภาษาไทยนิดหน่อย
I cannot eat spicy food.,pǒm / di chán gin aa hǎan pèt mâi dâi,ผม/ ดีฉันกินอาหารรสเผ็ไม่ได้
I cried when I was broken-hearted.,pǒm/di chán rɔ́ɔng hâai mûa òk hàk,ผม/ดิฉันร้องไห้เมื่ออกหัก
I do my homework at CMU often.,pǒm/di chán tam gaan bâan tîI Mɔɔ chɔɔ bɔ̀ɔi bɔ̀ɔi,ผม/ดิฉันทำการบ้านที่มอชอบ่อย ๆ
I do not like Phuket because there are a lot of people.,pǒm/di chán mâi chɔ̂ɔp Phuket prɔ́ wâa mii kon yə́,ผม/ดิฉันไม่ชอบภูเก็ตเพราะว่ามีคนเยอะ
I don’t know.,pǒm / di chán mâi rúu,ผม/ ดีฉันไม่รู้
I drink coffee every day.,pǒm / di chán dʉ̀ʉm gaa fae túk wan,ผม/ ดีฉันดื่มกาแฟทุกวัน
I feel lonely when I stay at home alone.,pǒm/di chán rúu sùk ngǎo mûa pǒm/di chán yùu tîi bâan kon diao,ผม/ดิฉันรู้สึกเหงาเมื่อผม/ดิฉันอยู่ที่บ้านคนเดียว
I finished studying Thai about 4 pm.,pǒm/di chán rian Thai sèt bàai 4 moong,ผม/ดีฉันเรียนไทยเส็ดบ่าย 4 โมง
I forgot to do my homework because I am forgetful.,pǒm/di chán lʉʉm tam gaan bâan prɔ́ wâa pǒm/di chán kîi lʉʉm,ผม/ดิฉันลืมทำการบ้านเพราะว่าผม/ดิฉันขี้ลืม
I go to see my friend in the afternoon.,dtɔɔn bàai pǒm / di chán bpai hǎa pʉ̂an,ตอนบ่าย ผม/ ดีฉันไปหาเพื่อน
I have been to Sà Mǔi.,pǒm / di chán kəəi bpai sà mǔi láew,ผม/ ดีฉันไปสมุยแล้ว
I have only 1 hour.,pǒm/di chán mii wee laa 1 chûa moong tâo nán,ผม/ดิฉันมีเวลา1 ชั่วโมงเท่านั้น
I have to drink beer before I study Thai.,pǒm/di chán dtɔ̂ɔng dùum bia gɔɔ̀n rian Thai,ผม/ดิฉันต้องดื่มเบียร์ก่อนเรียนภาษาไทย
I knew kruu Nicha for many years.,pǒm/di chán rúu jàak Kruu Nichaa lǎai bpii,ผม/ดิฉันรู้จากครูนิชาหลายปี
I like Chang beer more than Singha.,pǒm/di chán chɔ̂ɔp bia Cháang mâak gwàa Singha,ผม/ดิฉันชอบเบียร์ช้างมากกว่าเบียร์สิงห์
I like mangosteen the most.,pǒm / di chán chɔ̂ɔp mang-kút  tîi sùt,ผม/ ดีฉันชอบมังคุดที่สุด
I like spicy food.,pǒm / di chán chɔ̂ɔp aa hǎan pèt,ผม/ ดีฉันชอบอาหารเผ็ด
I like to eat Thai food too.,pǒm / di chán chɔ̂ɔp gin aa hǎan Thai duâi,ผม/ ดีฉันชอบอาหารไทย
I like to go to the sea very much.,pǒm / di chán chɔ̂ɔp bpai tá-lee mâak mâak,ผม/ ดีฉันชอบไปทะเลมาก ๆ
I like to sing in the bathroom.,pǒm/di chán chɔ̂ɔp rɔ́ɔng pleng tîI hɔ̂ɔng náam,ผม/ดีฉันชอบร้องเพลงที่ห้องน้ำ
I like to watch movies.,pǒm / di chán chɔ̂ɔp duu nǎng,ผม/ ดีฉันชอบดูหนัง
I like to watch TV in living room.,pǒm/di chán chɔ̂ɔp duu TV nai hɔ̂ɔng nâng lên,ผม/ดิฉันชอบดูทีวีในห้องนั่งเล่น
I love you so much.,pǒm / di chán rák kun mâak mâak,ผม/ ดีฉันรักคุณมาก ๆ
I meet a beautiful teacher at We Learn Thai Chiang Mai.,pǒm/di chán jəə kruu sǔay tîi We Learn Thai Chiang Mai,ผม/ดีฉันเจอครูสวยที่WLTCM
I met Kruu Bim at Zoey bar.,pǒm/di chán jəə kruu Bim tîI Bar Zoey.,ผม/ดีฉันเจอครูบิมที่บาร์โซอี้
I might have a big problem if I have gik.,pǒm/di chán àat jà mii bpan hǎa tâa mii gík,ผม/ดิฉันอาจจะมีปัญหาถ้ามีกีก
I ride the elephant to Bangkok once a month.,pǒm/di chán kìi cháang dʉan lá 1 kráng,ผม/ดิฉันขี่ช้างเดือนละ 1 ครั้ง
I sleep at midnight.,dtɔɔn tîang kʉʉn pǒm / di chán nɔɔn (làp),ตอนเที่ยงคืนผม/ดีฉันผม/ดีฉั(หลับ)
I speak Thai very well after I drink Chang beer.,pǒm/di chán pûut Thai dii lǎng jàak dùum bia cháang,ผม/ดีฉันพูดไทยได้ดีหลังจากดื่มเบียร์ช้าง
I swim at the waterfall at 8 a.m.,pǒm/di chán wâai náam tîi náam dtòk  8 moong cháao,ผม/ดิฉันว่ายน้ำที่น้ำตก 8 โมงเช้า
I swim once a day in the River Ping.,pǒm/di chán wâai náam tîi mâe náam bping wan lá 1 kráng,ผม/ดีฉันว่ายน้ำที่แม่น้ำปิงวันละ 1 ครั้ง
I think guava is tasteless.,pǒm / di chán kít wâa fá-ràng jʉ̀ʉt,ผม/ ดีฉันคิดว่าฝรั่งจืด
I think steamed rice is not very beautiful.,pǒm/di chán kít wâa kâao suǎy mâi suǎy,ผม/ดีฉันข้าวยไม่สวย
I think that your older brother is very handsome.,pǒm / di chán kít wâa pîi chaai (kɔ̌ɔng) kun lɔ̀ɔ mâak,ผม/ ดีฉันพี่ชาย(ของ)คุณหล่อมาก
I usually drink beer in the morning.,"bpà gà dtì, pǒm/di chán dùum bia dtɔɔn cháao",ปกติผม/ ดีฉันดื่มเบียร์ตอนเช้า
I usually drink wine in the evening.,"bpà gà dtì, pǒm/di chán dùum wai daeng dtɔɔn yen",ปกติผม/ ดีฉันดื่มไวน์ตอนเย็น
I usually pay the telephone bill 300 baht per month,"bpà gà dtì, pǒm/di chán jàay kâa toh ra sàp dʉan lá 300 bàat",ปกติผม/ดิฉันจ่ายคาโทรศัพท์เดือนละ 300 บาท
I want to buy a house.,pǒm / di chán yàak sʉ́ʉ bâan,ผม/ ดีฉันอยากซื้อบ้าน
I want to dance with you.,pǒm / di chán yàak dtên gàp kun,ผม/ ดีฉันอยากเต้นกับคุณ
I want to rent the house if it is not expensive.,pǒm/di chán yàak châo bâan tâa mâi paeng,ผม/ดิฉันอยากเช่าบ้านถ้าไม่แพง
I was irritated when the beer was finished.,pǒm/di chán ngùt ngìt mûa bia mòt,ผม/ดิฉัน todo
I was not very handsome last year.,pǒm mâi kɔ̂ɔi lɔ̀ɔ bpii tîi láew,ผมม่ข้อยหล่อปีที่แล้ว
I was not very well yesterday.,mʉ̂a waan níi pǒm/di chán mâi kɔ̂ɔi sa baai,เมื่อวานนี้ผม/ ดีฉันไม่ข้อยสบาย
I went to doi Suthep after I was broken-hearted.,pǒm/di chán bpai Doi Suthep lǎng jàak pǒm/di chán òk hàk,ผม/ดิฉันไปดอยสุเทพหลังจากผม/ดิฉันอกหัก
I will be a mother next month.,pǒm/di chán jà bpen mâe dʉan nâa,ผม/ ดีฉันจะเป็นแม่เดือนหน้า
I will go to a restaurant after I finish studying Thai.,pǒm/di chán jà bpai ráan aa-hǎan lǎng jààk rian Thai sèt,ผม/ ดีฉันจะไปร้านอาหารหลังจากเรียนไทยเสร็จ
I will have lots of girl friends this year.,bpii níi pǒm jà mii faen lǎai kon,ปีนี้ผมจะมีแฟนหลายคน
I will love you every day.,pǒm/di chán jà rák kun túk wan,ผม/ดิฉันจะรักคุณทุกวัน
I will marry this weekend.,pǒm/di chán jà dtaèng ngaan sǎo aa tít níi,ผม/ดิฉันจะแต่งงานเสาร์อาทิตย์นี้
I will not drink beer before I go to the party.,pǒm/di chán jà mâi dùum bia gɔɔ̀n bpai party,ผม/ดิฉันจะไม่ดื่มเบียร์ก่อนไปปาตี
I will pick up my friend at 2 pm.,pǒm/di chán jà bpai ráp pûan bàai 2 moong,ผม/ ดีฉันจะไประบเพื่อนบ่าย 2 โมง
I will rent the motorcycle next week.,pǒm/di chán jà châo mɔɔ dtəə sai aa tít nâa,ผม/ดิฉันจะเช่ามอเตอร์ไซค์อาทิตย์หน้า
I will ride an elephant next week.,aa tít nâa pǒm / di chán jà bpai kìi cháang,อาทิตย์หน้าผม/ ดีฉันจะไปขี่ช้าง
I will stay here for 3 months.,pǒm / di chán jà yùu tîi nîi sǎam dʉan,ผม/ ดีฉันจะอยู่ที่นี่สามเดือนสามเดือน
I will stay in Chiang Mai for a few weeks.,pǒm/di chán jà yùu Chiang Mai sɔ̌ɔng sǎam aa tít,ผม/ ดีฉันจะอยู่เชียงใหม่สองสามอาทิตย์
I will take this one.,pǒm / di chán jà ao an-níi,ผม/ ดีฉันจะเอาอันนี้
I work at ………….,tam-ngaan-tîi…….,ทำงานที่
I work at a bank.,pǒm / di chán tam ngaan tîi tá naa kaan,ผม/ ดีฉันทำงานที่ธนาคาร
I work for five and a half hours.,pǒm / di chán tam ngaan hâa chûa-moong krʉ̂ng,ผม/ ดีฉันทำงานห้าชั่วโมงครึ่ง
I worked for many hours last week,aa tít tîi láew pǒm/di chán tam ngaan lǎai chûa moong,อาทิตย์ที่แล้วผม/ ดีฉันทำงานหลายชั่วโมง
I would like to eat sweet and sour fried vegetables.,pǒm / di chán yàak gin pàt bpriâo wǎan,ผม/ ดีฉันอยากกินผัดเปรี้ยวหวาน
I would like to eat Thai food.,pǒm / di chán yàak gin aa hǎan tai,ผม/ ดีฉันอยากกินอาหารไทย
I’m from ………….. (Country).,pǒm / di chán maa jàak pbrà têt ………,ผม/ ดีฉันมาจากประเทศ....
I’m glad to hear you will marry a handsome man.,"dii jai dûay, kun jà dtaèng ngaan gàp pûu chaai lɔ̀ɔ",ดีใจด้วยคุณจะแต่งงานกับผู้ชายหล่อ
I’m going for a walk,bpai-dəən-lên-k,ไปเดินเล่น
I’m kidding,pûut lên.,พูดเล่น
I’m sorry about that,sǐa-jai-dûai-ná-k,เสียใจด้วยนะ
I’m tired a little bit.,pǒm / di chán nʉ̀ay nít nɔ̀ɔi.,ผม/ ดีฉันเหนื่อยนิดหน่อย
I’m very hungry.,pǒm / di chán hǐw mâak mâak.,ผม/ ดีฉันหิวมาก ๆ
ice,náam-kǎeng,น้ำแข็ง
Ice tea with milk.,chaa yen sài nom,ชาเย็นใส่นม
if,tâa,ถ้า
"If he has free time, he likes to read a book.","tâa káo mii weh laa,  káo chɔ̂ɔp àan nǎng sʉ̌u",ถ้าเขามีเวลาเขาชอบอ่าน
"If you want to meet a lovely girl, you must go to Warm Up.","tâa kun yàak jəə pûu yǐng sûay, kun dtɔ̂ɔng bpai Warm Up","ถ้าคุณอยากเจอะผู้หญิงสวย, คุณต้องไปWarm Up"
impatient,jai-rɔ́ɔn,ใจร้อน
in,tîi,ที่
in,nai,ใน
in front of,nâa,หน้า
inlaw (female),sàpái,สะใภ้
In the day he is a man but in the evening he is a woman.,dtɔɔn glaang wan káo bpen pûu chaai dtɛ̀ɛ dtɔɔn yen káo bpen pûu yǐng,ตอนกลางวันเขาเป็นผู้ชายแต่ตอนเย็นเขาเป็นผู้หญิง
In the evening we have dinner at home.,dtɔɔn yen rao gin kâao tîi bâan,เขาเป็นผู้หญิง
in the future,wan nâa,วันหน้า
"In the future, I want to be a thief.","wan nâa, pǒm/di chán yàak bpen ka mooi",วันหน้าผม/ดิฉันอยากเป็นขโมย
"In the future, I will be a police.",wan nâa káo jà bpen dtam rùat,วันหน้าผม/ดิฉันอยากเป็นตำรวจ
in the past,mûa gɔ̀ɔn,เมื่อก่อน
increase,kʉ̂n,ขึ้น
inexpensive,mâi-paeng,ไม่แพง
injured,jèp,จ็บ
intelligent,chà-làat,ฉลาด
interesting,nâa-sǒn-jai,น่าสนใจ
internet is to expensive,kâa internet paeng gəən bpai k,ค่าอินเทอร์เน็ตแพงเกินไป
invite,chuan,เชิญ
irritated,ngùt ngìt,หงุดหงิด
Is Chiang Mai beautiful?,Chiang mài suǎi mái ?,เชียงใหสวยงามไหม
Is she beautiful?,káo suǎi mái?,เขาสวยไหม
Is that true ?,jing rə̌ǝ ?,จริงเริอ
island,gɔ̀,เกาะ
It doesn’t matter.,mâi bpen rai.,ไม่เป็นไร
It is very expensive.,paeng mâak,แพงมาก
It’s better,dii-kʉ̂n-k,ดีขึ้น
January,mók-gà-raa(kom),มกรา(คม) (ม.ค.)
Japan,yîi-bpùn,ญี่ปุ่น
jealous (for lovers),kîi hʉ̌ng,ขี้หึง
job,ngaan,งาน
joking,pûut-lên,พูดเล่น
July,gà-rá-gà-daa(kom),กรกฎา(คม) (ก.ค.)
June,mí-tù-naa(yon),มิถุนา(ยน) (มิ.ย.)
just a moment,Rɔɔ-bpáep-nʉng-k / rɔɔ-sák-krûu-k,รอแปพหนึ่ง / รอสักครู่
keep,gèp,เก็บ
keep the change,mâi-dtɔ̂ɔng-tɔɔn-k,ไม่ต่องทอน
kidding,pûut-lên,พูดเล่น
kill,kâa,ฃ่า
kind,jai-dii,ใจดี
kiss (mouth),jûup,จูบ
kitchen,hɔ̂ɔng krua,ห้องครัว
knee,kào,เข่า
know (someone),rúu-jàak,รู้จาก
know (something),rúu,รู้
Kruu Nicha works too much.,Kruu Nichaa tam ngaan mâak gəən bpai,ครูนิชาทำงานเกินไป
kruu Pong said that he does not have a girlfriend.,Kruu Pong bɔ̀ɔk wâa káo mâi mii faen,ครูโพงบอกว่าไม่มีแฟน
lack,kàat,ขาด
lane,soi,ชอย
language,paa-sǎa,ภาษา
last like (last),……….tîi-láew,...ที่แล้ว
last night,mʉ̂a-kʉʉn-níi,เมื่อคืนนี้
last time,kráng sùt táai,ครั้งสุดท้าย
late (arrival),sǎai,สาย
late at night,dtɔɔn-dʉ̀k,ตอนดึก
laugh,huǎ-rɔ́,หัวเราะ
lazy,kîi-giàt,ขี้เกียจ
leaf,bai,ใบ
left hand side,sáai muu,ซ้ายมือ
leg,kǎa,ขา
less than,nɔ́ɔi gwàa,น้อยกว่า
let’s come to eat together,taan-kâao-dûai-gan-k,ทานข้าวด้วยกัน
Let’s eat together,gin-kâao-dûai-gan-k,กินข้าวด้วยกัน
light (color),ɔ̀ɔn,อ่อน
light (lamp),fai,ไฟ
"light (softly, quietly)",bao,เบา
like,chɔ̂ɔp,ชอบ
like (same as),mʉ̌an,เหมือน
like (should),nâa…..,น้า
line,tǎaow,แถว
listen to,fang,ฟัง
listen to music,fang pleng,ฟังเพลง
little,nɔ́ɔi,น้อย
live (to be somewhere),yùu,อยู่
living room,hɔ̂ɔng nâng lên,ห้องนั่งเล่น
log (timber),sung,ฃุง
lonely,ngǎo,เหงา
long(measurement),yaao,ยาว
longan,lam-yai,ลำไย
look,duu,ดู
loud,siǎng dang,เสียงดัง
love,rák,รัก
lovely,nâa rák,น่ารัก
lover with non-serious relationship,gík,กีก
lunch,aa hǎan tiâng,อาหารเที่ยง
make,tam,ทำ
man,pûu-chaai,ผู้ชาย
mango,má-mûang,มะม่วง
mangosteen,mang-kút,มังคุด
many,mâak/yə́,มาก / เยอะ
many,lǎai,หลาย
March,mii-naa(kom),มีนา(คม) (มี.ค.)
market,dtà-làat,ตลาด
marry,dtàeng-ngaan,แต่งงาน
May,prʉ́t-sà-paa(kom),พฤษภา(คม) (พ.ค.)
May I have 2 bottles of Chang Beer please?,kɔ̌ɔ Bia cháang 2 kùat,ขอเบียร์ช้าง 2 ขวด
May I have 2 bottles of Singha beer?,kɔ̌ɔ bia sǐng sɔ̌ɔng kùat nɔ̀ɔi ?,ขอเบียร์สิงหาสองขวดน่อย
May I have 2 plates of rice?,kɔ̌ɔ kâao sɔ̌ɔng jaan nɔ̀ɔi ?,ขอข้าวสองจานน่อย
May I have a pineapple shake ?,kɔ̌ɔ sàp-bpà-rót bpàn,ขอสัปปะรดปั่น
May I have coconut juice without ice ?,kɔ̌ɔ náam má-práao mâi sài náam kɛ̌ɛng,ขอน้ำมะพร้าวไม่ใส่น้ำแข็ง
May I have hot coffee without sugar?,kɔ̌ɔ gaa fae rɔ́ɔn mâi sài náam dtaan nɔ̀ɔi ?,ขอกาแฟร้อนไม่ใส่น้ำตาลน่อย
May I have noodles in soup?,kɔ̌ɔ gúai dtǐao náam nɔ̀ɔi ?,ขอซุปก๋วยเตี๋ยวน้ำน่อย
May I have noodles with pork please?,kɔ̌ɔ guǎy dtiǎw mǔu 1 chaam,ขอก๋วยเตี๋ยวหมู 1 ชาม
"May I have one more beer, please?",kɔ̌ɔ Bia iik 1 kùat,ขอเบียร์อีก 1 ขวด
May I have……..?,kɔ̌ɔ…….nɔ̀ɔi,ขอหน่อย
mean,jai dam,ใจดำ
meat ball,lûuk-chín,ลูกชิ้น
mechanic,châang,ช่าง
medicine,yaa,ยา
meet,jəə/póp,เจอ/พบ
merchant,pɔ̂ɔ-káa/mâe-káa,พ่อค้า / แม่ค้า
midday,tiâng(wan),เที่ยง(วัน)
midnight,tiâng-kʉʉn,เที่ยงคืน
milk,nom,นม
mind,jai,ใจ
minibus,rót-sɔ̌ɔng-tǎew,รถรถสองแถว
minute,naa-tii,นาที
miss,kít tʉ̌ng,คิดถึง
miss you so much,kít-tʉ̌ng-jang-ləəi,คิดถึงจางเลิย
missing,hǎai,หาย
model (of something),bɛ̀ɛp,แบบ
Monday,wan jan,วันจันทร์
money,dtang / ngəən,ตาง / เงิน
monk,prà,พระ
month,dʉan,เดือน
"Monthly rent is 8,000 baht.","kâa châo dʉan lá 8,000 bàat",เช่าเดือนละ 8000 บาท
more,ìik,อีก
more than,mâak gwàa,มากกว่า
morning,cháao,เช้า
Morning,dtɔɔn cháao,ตอนเช้า
mosquito,yung,ยุง
mother,mâe ,แม่
mother’s younger brother or sister,náa,น้า
motorcycle,mɔɔ-dtəə-sai,มอเตอร์ไซค์
mountain,dɔɔi (Northern Thai),ดอย
mountain,puu-kǎo,ภูเขา
mouth,bpàak,ปาก
movie,nǎng,หนัง
movie star,daa-raa,ดารา
MSG,pǒng-chuu-rót,ผงชูรส
much,mâak,มาก
must,dtɔ̀ɔng,ต้อง
mustache,nuàt,หนวด
My close friend is flirtatious.,pûan sa nìt kɔ̌ɔng pǒm/chán jâo chúu,เพื่อนสนิทของผม/ดิฉันเจ้าชู้
My close friend is very kind.,pûan sa nìt kɔ̌ɔng chán jai dii,เพื่อนสนิทของผม/ดิฉันใจดี
My dog was happy after I returned from the party.,mǎa mii kwaam sùk lǎng jàak glàp jàak party,หมามีความสุขหลังจากกลับจากพาที่
"My father is very old, he therefore is very forgetful.","pɔ̂ɔ kɔ̌ɔng chán gàe mâak, káo gɔ̂ɔ ləəi kîi lʉʉm",พ่อของผม/ดิฉันแก่มากเขาก็เลิยอขี้ลืม
"My girlfriend is angry, so she does not speak.","faen kɔ̌ɔng chán gròot, káo gɔ̂ɔ ləəi mâi pûut gàp pǒm/di chán",แพนของผมโกรธเขาก็เลิยอไม่พูดกับผม/ดิฉัน
"My girlfriend is very jealous, so she calls me every hour.","faen kɔ̌ɔng pǒm/chán kîi hʉ̌ng mâak, káo gɔ̂ɔ ləəi too hǎa pǒm/chán túk chûa moong",แฟนของผม/ดิฉันขี้หึงมกเขาก็เลิยอโทรหาทุกชั่วโมง
My name is …………………,pǒm / di chán chʉ̂ʉ  ……………..,ผม/ ดีฉันชื่อ...
My wife likes to be a housewife.,pan rá yaa (kɔ̌ɔng) pǒm chɔ̂ɔp bpen mâe bâan,ภรรยา(ของ)ผมชอบเป็นแม่บ้าน
nagging,kîi bòn,ขี้บ่น
"nail (finger, toe)",lép,เล็บ
name,chʉ̂ʉ,ชื่อ
narrow,kâep,แคบ
nation,chàadtì,ชาตี
nature,tam ma châat,ธรรมชาติ
near,glâi,ใกล้
neck,kɔɔ,คอ
necklace,sɔ̂ɔi-kɔɔ,สร้อยคอ
never,mâi-kəəi,ไม่เคย
new,mài,ใหม่
next (like) next,………..nâa,….น้า
next to,dtìt gàp,ติดกับ
Nicha the teacher is very beautiful.,Kruu Nicha suǎi mâak mâak.,ครูณิชาสวยมาก ๆ
nick name,chʉ̂ʉ-lên,ชื่อเล่น
night time,dtɔɔn-glaang-kʉʉn,ตอนกลางคืน
noisy,siǎng dang,เสียงดัง
noodle,gúai-dtǐaw,ก๋วยเตี๋ยว
noodles with pork/chicken/beef,guǎy dtiǎw(mǔu / gài / núa),ก๋วยเตี๋ยว(หมู / ไก่ / เนื้อ)
nose,jà-mùuk,จมูก
Not at all,mâi-bpen-rai-k,ไม่ได้มีไร
not or no,mâi,ไม่
not put in,mâi-sài,ใส่ใน
not so,mâi kɔ̂ɔi,ไม่ข้อย
Not so well.,mâi-kɔ̂ɔi-sa-baai-k,ไม่ข้อยสบาย
not very,mâi kɔ̂ɔi,ไม่ข้อย
not well,mâi-sa-baai,ไม่สบาย
note,jòt,จด
November,prʉ́t-sà-jì-gaa(yon),พฤศจิกา(ยน) (พ.ย.)
novice monk,neen,เณร
now,Diaao-níi / dtɔɔn-níi,เดี๋ยวนี้ / ตอนนี้
now,dtɔɔn-níi,ตอนนี้
number,bəə,เบอร์
nurse,pá-yaa-baan,พยาบาล
October,dtù-laa(kom),ตุลา(คม) (ต.ค.)
of,kɔ̌ɔng,ของ
often,bɔ̀ɔi bɔ̀ɔi,บ่อย ๆ
old,aa-yú-mâak/gàe,อายุมาก / แก่
old (things),gào,เก่า
old man,pŭudtào,ผู้เฒ่า
old people,kon gàe,คนแก่
older,pîi k,พี่
older brother,pîi-chaai,พี่ชาย
older sister,pîi-sǎao,พี่สาว
older sister / brother,pîi,พี่
omelette,kài-jiaw,ไข่เจียว
On Monday I am very lazy.,wan jan pǒm/di chán kîi giàt mâak,วันจันทร์ผม/ดิฉันขี้เกียจมาก
on,bon,บน
one more time,ìik-tii,อีกที
only,tâo nán,เท่านั้น
open,bpə̀ət,เปิด
opposite,dtrong kâam,ตรงข้าม
or,rʉ̌ʉ,หรือ
or not yet,rʉ́-yang(?),หรือยัง
orange,sôm,ส้ม
orange (color),sǐǐ-sôm,สีส้ม
orange juice,náam-sôm,น้ำส้ม
Orange juice without ice.,náam sôm mâi sài náam kɛɛng,น้ำส้มนไม่ใน้ำแข็ง
out of order,sǐa,เสีย
over there,tîi-nôn,ที่นั้น
Pantip is opposite the Night Bazaar,Pantip yùu dtrong kâam Nái baa zâa,พันธุ์ทิพย์อยู่ตรงข้ามไนก์ห์ท์บาซาร์
pants,gaang-geng,กางเกง
papaya,má-lá-gɔɔ,มะละกอ
papaya salad,sôm dtam,ส้มตำ
Papaya salad is too spicy.,sǒm dtam pèt gəən bpai,ส้มตำเผ็ดเกินไป
parents,pɔ̂ɔ mâe,พ่อแม่
park,suǎn,สวน
park a vehicle,jɔɔt,จอด
Pàt Thai is delicious.,pàt thai arɔ̀ɔi.,ผัดไทยอร่อย
paunch,pung,พุง
pay,jàai,จ่าย
people,chaao,ชาว
per,lá,ละ
per day,wan lá,วันละ
per month,dʉan lá,เดือนละ
per week,aa tít lá,อาทิตย์ละ
person,kon,คน
petulant,ngɔɔn,งอน
piano,bpia-no,เปียโน
pick up someone,bpai ráp,ไปรับ
pilot,nák-bin,นักบิน
pimple,sǐu,สิว
pineapple,sàp-bpà-rót,สัปปะรด
pineapple shake,sàp bpà rót bpàn,สับปะรดปั่น
pink,sǐǐ-chom-puu,สีชมพู
plate,jaan,จาน
play,lên,เล่น
playful,kîi lên,ขี้เล่น
pleasant,yin-dii,ยินดี
please,nɔ̀ɔi,น่อย
Pleased to meet you,yin-dii-tîi-dâi-rúu-jàk,ยินดีที่ได้รู้จักคุณ
plenty,yə́,เยอะ
police,dtam-rùat,ตำรวจ
police officer,dtam rùat,ตำรวจ
police station,sà-tǎa-nii-dtam-rùat,สถานีตำรวจ
polite particle female,ká / kà,คะ / ค่ะ
polite particle male,kráp,ครับ
pomelo,sôm-oh,ส้มโอ
Pong is very shy.,Pong kîi aai mâak,โพงขี้อายมาก
Pong usually drinks coffee before he goes to sleep.,"bpà gà dtì, Pong dùum gaa fae gɔɔ̀n nɔɔn",ปกติโพงดื่มกาแฟก่อนนอน
poor,jon,จน
poor one.,nâa-sǒng-sǎan-k,น่าสองสาน
Poor you! You don’t have a girlfriend.,nâa sǒng sǎan! Kun mâI mii faen,น่าสงสาร! คุณไม่มีแฟน
pork,mǔu,หมู
post office,bprai-sà-nii,ไปรษณีย์
psition (status),tǎana,ฐานะ
praise,chom,ชม
prepaid card,bàt dtəəm ngən,บัตรเติมเงิน
press,gòt,กด
price,kâa,ค่า
professor,Aa-jaan,อาจารย์
province,jang-wàt,จังหวัด
purple/violet,sǐǐ-muâng,สีม่วง
put in,sài,ใส่
put on,sài,ใส่
queen,(prá) Raa chí nii,(พระ)ราชินี
quickly,reo-reo,เร็ว
quiet,ngîap,เงียบ
rambutan,ngɔ́,เงาะ
raw,dìp,ดิบ
read,àan,อ่าน
read a book,àan nǎng sʉ̌u,อ่านหนังสือ
really,jing-jing,จริง ๆ
really?,jing-rə̌ə (?),จริงหรึอ
red,sǐǐ-daeng,สีแดง
red car,rót-daeng,รถสีแดง
red curry,gaeng-pèt,แกงเผ็ด
reduce,lót,ลด
refuse,bpàdtìsèt,ปฏิเสธ
regularly,sa mə̌ə sa mə̌ə,เสมอ ๆ
rejoice,yin-dii,ยินดี
remind,dtʉan,เตือน
rent,châo,เช่า
rental fee,kâa châo,ค่าเช่า
repair,sɔ̂ɔm,ซ่อม
repairing bill,kâa sɔ̂ɔm,ค่าซ่อม
repeatedly,sáam,ซ้ำ
restaurant,raán-aa-hǎan,ร้านอาหาร
resting place,tîi pák,ที่พัก
restroom,hɔ̂ɔng-naám,ห้องน้ำ
retired,gà-sǐan,กะเสัน???
return,glàp,กล้บ
rice,kâao,ข้าว
rice noodle cut into large strips,sên-yài,เส้นใหญ่
rice noodle cut into thin strips,sên-lék,เส้นเล็ก
rice with spicy fried pork/chicken with basil leaf,kaâo pàt gà prao ( mǔu / gài ),ข้าวผัดกระเพรา(หมู/ไก่)
rich,ruai,รวย
ride,kìi,ขี้
ride a bicycle,kìi jàk grà yaan,ขี่จักรยาน
ride in share taxi,nâng rót daeng,นั่งรถสีแดง
ride motor cycle,kìi mɔɔ-dtəə-sai,ขี่มอเตอร์ไซค์
ride/ drive safely,ḱii / kàp rót dii dii ná,ขี่/ขับ รถดีๆนะ
right,châi,ใช้
right hand side,kwǎa muu,ขวามือ
right now,diǎw-níi,เดียวนี้
ring,wǎen,แหวน
ripe,sùk,สุก
river,mâe-náam,แม่น้ำ
robber,jon,โจร
room,hɔ̂ɔng,ห้อง
room is too hot.,hɔ̂ɔng rɔ́ɔn gəən bpai  k,ห้องร้อนเกินไป
rose apple,chom-pûu,ชมพู่
row (line),tǎaow,แถว
run,wîng,วิ่ง
sad,sia jai / sao,เสียใจ / เซา
safety,bplɔ̀ɔt-pai,ปลอดภัย
said that,bɔ̀ɔk wâa,บอกว่า
salt,glʉa,เกลือ
salty,kem,เค็ม
same as,mʉ̌an,เหมือน
Saturday,wan-sǎo,วันเสาร์
Say again please.,pûut iìk tii,พูดอีกที่
scary,nâa-glua,น่ากลัว
school,rong-rian,โรงเรียน
sea,ta-leh,ทะเล
second (of time),wíi naa tii,วินาที
second time,kráng tîi 2,ครั้งที่สอง
secretary,leh-kǎ,เลขา
see,duu,ดู
See you,jəə-gan-k,เจอกัน
See you again,jəə gan mài,เจอกันใหม่
See you again tomorrow,póp-gan-mài-prûng-níi-k,พบกันพรุ่งนี้
see you in half an hour,ìik-krʉ̂ng-chûa-mong-jəə-gan-k,อีกครึ่งชั่วโมงเจอกัน
See you later,póp-gan-mài-k,พบกันใหม่
self- employed,tam-ngaan-sùan-dtua,ทำงานส่วนตัว
sell,kǎai,ขาย
September,gan-yaa(yon),กันยา(ยน) (ก.ย.)
Shall we go for a walk together ?,rao bpai dəən lên duâi gan mái,เราไปเดินเล่นด้วยกันไหม
Shall we go together?,bpai-dûai-gan-mái (?) k,ไปด้วยกันไหม
shattered,dtɛ̀ɛk,แตก
shave,gon,โกน
she,Káo,เขา
She does not have brother sisters.,káo mâi mii pîi nɔ́ɔng,เขาไม่มีพี่น้อง
She does not like to cook.,káo mái chɔ̂ɔp tam aa hǎan,เขาไม่ชอบทำอาหาร
She has never eaten papaya salad.,káo mâi kəəi gin sôm dtam,เขาไม่เคยกินส้มตำ
She is in a good mood after drinking coffee.,káo aarom dii lǎng jàak dùum gaa fae,เขาอารมณ์ดีหลังจากดื่มกาแฟ
She is in the kitchen.,káo yùu nai hɔ̂ɔng krua,เขาอยู่ในห้องครัว
She is retired.,káo gà sǐan láew,เขากษียณแล้ว
She likes fried rice with fried egg so much.,káo chɔ̂ɔp kâao pàt gàp kài daaw mâak mâak,เขาชอบข้าวผัดกับไข่ดาว
She likes to buy things at the 7-11.,káo chɔ̂ɔp sʉ́ʉ kɔ̌ɔng tîI 7-11,เขาชอบช้อของที่7
She likes to go for a walk in the morning.,dtɔɔn cháao káo chɔ̂ɔp bpai dəən lên,ตอนเช้าเขาชอบไปเดินเล่น
She likes to go to the waterfall.,káo chɔ̂ɔp bpai náam-dtòk,เขาชอบไปน้ำตก
She likes to listen to rock music at 6 a.m.,káo chɔ̂ɔp rɔ́ɔng pleng dtɔɔn 6 moong yen,เขาชอบร้องเพลงตอน 6 โมงเย็น
She swims very well.,káo wâai náam gèng mâak mâak,เขาว่ายน้ำเก่งมาก ๆ
"She wants to be a singer, so she goes to the karaoke bar.","káo yàak bpen nák rɔ́ɔng , káo gɔ̂ɔ ləəi bpai Karaoke bar.","เขาอยากเป็นนักร้อง, เขาก็เลิยไปบาร์คาราโอเกะ"
sheep,gae,แกะ
ship,rʉa,เรือ
shirt,sʉ̂a,เสื้อ
shit,todo,อึ
shoes,rɔɔng-táao,รองเท้า
shop,raán,ร้าน
shop owner,jâo-kɔ̌ɔng-ráan,เจ้าของร้าน
short,sân,สั้น
shoulder,lài,ไหล่
shrimp,gûng,กุ้ง
shy,kîi aai,ขี้อาย
siblings,pîi nɔ́ɔng,พี่น้อง
sightless,dtaabɔ̀ɔt,ตาบอด
sing (song),rɔ́ɔng-pleng,ร้องเพลง
singer,nák-rɔ́ɔng,นักร้อง
Singha beer,bia sǐng,เบียร์สิงห์
single (relationship),sòot,โสด
sit,nâng,นั่ง
skirt,grà-bprong,กระโปรง
sky train,rót-fai-fáa,รถไฟฟ้า
sleep,nɔɔn(làp),นอนหลับ
sleepy,ngûang-nɔɔn,ง่วงนอน
sleepy,ngûang,ง่วง
slow,cháa,ช้า
slowly,cháa-cháa,ช้า ๆ
small ,lék,เล็ก
smart,chàlàat,ฉลาด
smell good,hɔ̌ɔm,หอม
smile,yím,ยิ้ม
snake,nguu,งู
So delicious.,arɔ̀ɔi-dii,อร่อยดี
socks,tǔng-táao,ถุงเท้า
soldier,tá hǎan,ทหาร
some (implies alternatives),baâng,บ้าง
sometimes,baang kráng,บางครั้ง
Sometimes I forget to pick up my girlfriend.,baang kráng pǒm/di chán lʉʉm bpai ráp faen,บางครั้งผม/ ดีฉันลืมไประบะแฟน
Sometimes I meet kruu Nicha before studying Thai.,pǒm/di chán jəə Kruu Nichaa gɔɔ̀n rian Thai baang kráng,ผม/ ดีฉันเจอครูนิชาก่อนเรียนไทยบางครั้ง
son,lûuk-chaai,บุตรชาย
sorry,kɔ̌ɔ-tôt-k,ขอโทษ
sorry to hear,sǐa jai dûay,เสียใจด้วย
"Sorry, I am late.","kɔ̌ɔ tôot , pǒm/di chán maa sǎai",ขอโทษผม/ ดีฉันมาซ้าย
sour,bprîaw,เปรี้ยว
speak,pûut,พูด
"Speak again, please",pûut-ìik-tii-k,พูดอีกที่
Speak slowly please.,pûut cháa cháa nɔ̀ɔi,พูดช้าๆน่อย
speechless,bâi,ใบ้
spicy,pèt,เท่ผ
Spicy bar is very noisy.,Spicy bar siǎng dang mâak,สปีชี่บาร์เสียงดังมาก
spicy soup,dtôm-yam,ต้มยำ
spin(shake),bpàn,ปัน
spoiled,sǐa,เสีย
spoon,chɔ́ɔn,ช้อน
sports,gii-laa,กีฬา
stain,bpʉ̂an,เปื้อน
startled,dtòk jai,todo
state (of nation),rát,รัฐ
status,tǎana,ฐานะ
steamed rice,kâao suǎy/kâao bplàao,ข้าวสวย / ข้าวป่ลาว
sticky rice,kâao-nǐaw,ข้าวเหนียว
stingy,kîi niǎw,ขี้เหนียว
stink,měn,เหม็น
stomach,tɔ́ɔng,ท้อง
stressed,krîat,เครียด
strong,kǎeng-raeng,แข็งแรง
student,nák-rian,นักเรียน
study,rian,ศึกษา
subway,rót-fai-dtâai-din,รถไฟใต้ดิน
sugar,náam-dtaan,น้ำตาล
sugar apple,nɔ́ɔi naà,น้อยหน่า
Sunday,wan-aa-tít,วันอาทิตย์
surname,naam-sà-gun,นามสกุล
sweet,wǎan,หวาน
sweet and sour vegetables,Pàt-pàk-bprîaw-wǎan,ผัดผักเปรี้ยวหวานหวาน
sweet green curry,gaeng-kǐaw-wǎan,แกงเขียวหวาน
sweet talk,bpàak-wǎan,ปากหวาน
swim,wâai-naám,ว่ายน้ำ
T-junction,sǎam yâek,สามแยก
T.V.,tii-wii,ทีวี
take a photo,tàai rûup,ถ่ายรูป
take a shower/bath,àap-náam,อาบน้ำ
take a trip,bpai-tiâw,อาบน้ำ
take away,sài-tǔng (glàp-bâan),ในถุงกลับบ้าน
take away (with bag),sài tǔng,ใส่ถุง
Take away home/take out,sʉ́ʉ glàp bâan,ซื้อกลับบ้าน
take care of,liáng,เลี้ยง
take home,sài-tǔng (glàp-bâan),ในถุงกลับบ้าน
Take it easy,jai-yen-yen-k,ใจเย็น ๆ
take off,tɔ̀ɔt,ถอด
take your time,dtaam sa baai,ตามสบาย
talk,kui,คุย
tall,sǔung,สูง
tasteless,jʉ̀ʉt,จืด
taxi,rót-táek-sîi,รถแท็กซี่
teeth,fan,ฟัน
tea,chaa,ชา
tea hot/ice,chaa rɔ́ɔn/yen,ชาร้อน/เย็น
teach,sɔ̌ɔn,สอน
teacher,Kruu,ครู
teacher (university),aa jaan,อาจารย์
tear (of eye),náam-dtaa,น้ำตา
tear (rip),chìik,ฉีก
technician,châang,ช่าง
teenager,wai rûn,วัยรุ่น
telephone,toh-ra-sap,โทรศัพท์
telephone bill,kâa toh ra sàp,ค่าโทรศัพท์
tell,bɔ̀ɔk,บอก
temple,wát,วัด
Thai,thai,ไทย
Thai food,aa-hǎan-thai,อาหารไทย
Thai food is the same as Laos food.,aa hǎan Thai mʉ̌an aa hǎan Lao,อาหารไทยเหมือนอาหารลาว
Thai women like sour fruit.,pûu yǐng tai chɔ̂ɔp pǒn-la-máai bpriâo,หญิงไทยชอบผลไม้เปรี้ยว
thank you,kɔ̀ɔp-kun-k,ขอบคุณ
That is true.,jing-jing,จริง ๆ
that one,an-nán,อันนั้น
that one (further away),an-nón,อันโน้น
The 7-11 usually closes at midnight.,"bpà gà dtì, 7-11 bpìt tîang kʉʉn",ปกติ 7 ปิดเที่ยงคืน
The bathroom is here.,hɔ̂ɔng náam yùu tîi nîi,ห้องน้ำอยู่ที่นี่
The bathroom is very smelly.,hɔ̂ɔng náam měen mâak,ห้องน้ำเหม็นมาก
the bill,gèp dtang / kít dtang,เก็บตังค์ / คิดตังค์
the bill please,gèp-dtang-nɔ̀ɔi k,เก็บตังน่อย
The cat likes to run with the dogs at 2 p.m.,maew chɔ̂ɔp wîng gàp mǎa dtɔɔn bàai 2 moong,แมวชอบวิ่งกับหมาตอนบ่าย 2 โมง
The cat thinks the fish are interesting.,maew kít wâa bplaa nâa sǒn jai,แมวคิดว่าปลาน่าสนใจ
The chicken goes to see a friend at KFC.,gài bpai hǎa pûan tîI KFC,ไก่ไปหาเพื่อนที่ KFC
The chicken has to go to KFC once a month.,gài dtɔ̂ɔng bpai KFC dʉan lá 1 kráng,ไก่ต้องไป KFC เดือนละ 1 ครั้ง
The chicken has worked at KFC for many years.,gài tam ngaan tîI KFC lǎai bpii,ไก่ทำงานที่ KFC หลายเป็
The elephant exercises 5 times a week.,Cháang ɔ̀ɔk gam lang gaai aa tít lá 5 kráng,ช้างออกกำลังกายสัปดาห์ละ 5 ครั้ง
The elephant goes to see a friend at the zoo.,cháang bpai hǎa pûan tîI suǎn sàt,ช้างไปหาเพื่อนที่สวนสัตว์
The elephant will go to the Monkey Club around 9pm.,cháang jà bpai Monkey Club bprà maan 3 tûm,ช้างจะไปลิงคลับประมาณสามทุ่ม
The elephants go to the mountain once a week.,Cháang bpai puu kǎo aa tít lá 1 kráng,ช้างไปภูเขาอาทิตย์ละ 1 ครั้ง
The fish is afraid of the cat.,bplaa glua maew,ปลากลัวแมว
The fish pay water bill once a month.,bplaa jaay kàa náam dʉan lá1 kráng,ปลาจ่ายค่าน้ำเดือนละ 1 ครั้ง
The fish will go to see a friend next Friday.,bplaa jà hǎa pûan tîI ta lee wan sùk nâa,ปลาจะหาเพื่อนที่ทะเลวันศุกร์หน้า
The fruit shake stall is in front of the 7-11,ráan pǒn là máai bpàn yùu nâa 7-11,ร้านผลไม้ปั่นอยู่หน้า 7
The handsome man called you 10 minutes ago,sìp naa tii tîi láew pûu chaai lɔ̀ɔ too (rà-sàp) maa hǎa kun,สิบนาทีที่แล้วผู้ชายหล่อโท(รศัพท์)หาหาคุณ
The hospital is next to the park.,roong pa yaa baan yùu dtìt gàp suǎn,โรงพยาบาลอยู่ติดกับสวน
The internet fee is 600 baht per month,kâa Internet dʉan lá 600 bàat,ค่าอินเทอร์เน็ตเดือนละ 600 บาท
the loved one,faen,แฟน
The medicine is not very delicious.,yaa mâi kɔ̂ɔi arɔ̀ɔi,ยาไม่ข้อยอร่อย
The monkey will dance at Monkey Club on Monday.,ling jà dtên tîi Monkey Club dtɔɔn wan jan,ลิงจะเต้นที่สโมสรลิงวันจันทร์
The most delicious.,arɔ̀ɔi-tîi-sùt,อร่อยที่สุด
The pig is in a good mood when it talks about food.,mǔu aa rom dii mûa pûut giàw gàp aa-hǎan,หมูอารมณ์ดีเมื่อพูดเกี่ยวกับอาหาร
"The pig, chicken and shrimp do not want to go to a restaurant.","mǔu , gài láe gûng mâI yàak bpai ráan aa-hǎan Thai",หมูไก่และกุ้งไม่หย่ากไปร้านอาหารไทย
The red taxi will take the monkey to the Monkey Club.,rót daeng jà bpai sòng ling tîI Monkey Club,รถแดงจะไปส่งลิงที่ลิงคลับ
The restaurant is near the hotel.,ráan aa hǎan yùu glâi roong raem,ร้านอาหารอยู่ใกล้โรงแรม
The restaurant is next to the garden.,ráan aa-hǎan Thai yùu dtìt gàp suǎn,ร้านอาหารไทยอยู่ถัดกับสวน
The restaurant usually opens at 9am.,"bpà gà dtì, ráan aa-hǎan bpə̀ət 9 moong cháao",ปกติร้านอาหารเปิด 9 โมงเช้า
The rose apple is not salty.,chom-pûu mâi kem,ชมพู่ไม่เค็ม
The shrimp will go back to the sea in two more days.,gûng jà glàp ta lee ìik 2 wan,กุ้งจะกลับทะเลอีก 2 วัน
them ,Káo,เขา
then,gwàa,กว่า
there,tîi-nân,ที่นั้น
there further away,tîi-nôn,ที่นั้น
they,Káo,เขา
thief,ka mooi,ขโมย
thin,pɔ̌ɔm,ผอม
things,kɔ̌ɔng,ของ
think,kít,คิด
think that,kít wâa,คิดว่า
third time,kráng tîi 3,ครั้งที่สาม
this,………níi / an-níi,นี้ / อันนี้
this morning,mʉ̂a-cháao-níi,เมื่อเช้านี้
this morning(future),cháao-níi,เช้านี้
this one,an-níi,อันนี้
This one comes from Japan.,an-níi maa jàak yîi bpùn,อันนี้มาจากประเทศญี่ปุ่น
This one is 180 baht.,an-níi nʉ̀ng rɔ́ɔi bàet sìp bàat,อันนี้หนึ่งร้อยแปดสิบบาท
throat,kɔɔ,คอ
thumb,níu-hǔa-mâe-mʉʉ,นิ้วหัวแม่มือ
Thursday,wan-pá-rú-hàt(sá-bɔɔ-dii),วันพฤหัส(บดี)
ticket,dtǔa,ตั๋ว
tighten,rát,รัด
time,weh laa,เวลา
tired,nʉài,เหนื่อย
to ask a question,tǎam,ถาม
to answer,dtɔ̀ɔp,ตอบ
to anticipate,kâat,คาด
to arrive,bpai/maa-tʉ̌ng,ไป / มาถึง
to bake,òp,อบ
to be located,yùu,หยู่
to be (some thing),bpen,เป็น
to be born,gə̀ət,เกิด
to be enchanted,lǒnglǎi,หลงใหล
to be happy,mii kwaam sùk,มีความสุข
to be missing,hǎai,หาย
to be something,bpen,เป็น
to boil,dtôm,ต้ม
to bump,chon,ขน
to buy,sʉ́ʉ,ซื้อ
to calculate,kít,คิด
to carry,tʉ̆a,ถือ
to carry out,bpàdtìbàdtì,ปฏิบัติ
to come pick up,maa-ráp,มารับ
to come see,maa-hǎa,มาหา
to complain,bòn,บ่น
to cough,ai,ไอ
to cut,bàat,บาด
to deep fry,tɔ̂ɔt,ทอด
to develop,padtónaa,พัฒนา
to divorce,yàa,หย่า
to do,tam,ทำ
to drive(car),kàp(rót),ขับ(รถ)
to dream,fǎn,ฝัน
to dry,dtàak,ตาก
to eat,gin,กิน
to eat,taan,ทาน
to exercise,ɔ̀ɔk gam lang gaai,ออกกำลังกาย
to fix,sɔ̂ɔm,ซ่อม
to give,hâi,ให้
to go pick up,bpai-ráp,ไปรับ
to go see,bpai-hǎa,ไปหา
to grill,yâang,ย่าง
to grill (small pieces),bpîng,ปิ้ง
to keep,gèp,เก็บ
to kill,kâa,ฃ่า
to leave,ɔ̀ɔk,ออก
to like,chɔ̂ɔp,ชอบ
to live,yùu,อยู่
to make,tam,ทำ
to marry,dtàeng-ngaan,แต่งงาน
to miss,kít-tʉ̌ng,คิดถึงมา
to meet,jəə/póp,เจอ/พบ
to mob,tŭu,ถู
to park a vehicle,jɔɔt,จอด
to phone (call out),toh-ra-sàp-bpai-hǎa,โทรศัพท์ไปหา
to phone (receive call),toh-ra-sàp-maa-hǎa,โทรศัพท์มาหา
to praise,chom,ชม
to press,gòt,กด
to put in,sài,ใส่
to put on,sài,ใส่
to recover,hǎai-láew-k,หายแล้ว
to refuse,bpàdtìsèt,ปฏิเสธ
to remind,dtʉan,เตือน
to rent,châo,เช่า
to reserve,jɔɔng,จอง
to rest,pák,พัก
to sell,kǎai,ขาย
to shop,sʉ́ʉ kɔ̂ɔng,ซื้อของ
to sneeze,jaam,จาม
to stain,bpʉ̂an,เปื้อน
to stay,yùu,อยู่
to stay (rest),pák,พัก
to stir fry,pàt,ผัด
to take,Bpai-sòng / maa-sòng,ไปส่ง / มาส่ง
to take (thing),ao,เอา
to tear (rip),chìik,ฉีก
to tell,bɔ̀ɔk,บอก
to tighten,rát,รัด
to think,kít,คิด
to throw,bpaa,ปา
to touch softly,dtàe,แตะ
to try,lɔɔng,ลอง
to use,châi,ใช้
to wait,rɔɔ,รอ
to wait,kɔɔi,คอย
to want to,yàak,หย่าก
to warn,dtʉan,เตือน
to watch,duu,ดู
to wear,sài,ใส่
to withdraw,tɔ̌ɔn,ถอน
today,wan-níi,วันนี้
Today I am happy.,wan nii pǒm/di chán mii kwaam sùk,วันนี้ผม/ดิฉันมีความสุข
Today I have only 2 baht.,wan níi pǒm/di chán mii 2 bàat tâo nán,วันนี้ผม/ดิฉันมี 2 บาทเท่านั้น
Today I miss my younger sister.,wan níi pǒm / di chán kít tʉ̌ng nɔ́ɔng sǎao,วันนี้ผม/ ดีฉันคิดถึงน้องสาว
Today is not very hot.,wan níi mâi kɔ̂ɔi rɔ́ɔn,วันนี้ไม่ข้อยร้อน
Today the weather is very good.,wan níi aa gaàt dii mâak,วันนี้อากาศดีมาก
toes,níu-táao,นิ้วเท้า
together,dûai-gan,ด้วยกัน
tomorrow,prûng-níi,พรุ่งนี้
Tomorrow is the 21st.,prûng-níi-wan-tîi-21 K,พรุ่งนี้วันที่ 21
tonight,kʉʉn-níi,คืนนี้
too,dûai,ด้วย
too (much),gəən bpai,เกินไป
too expensive,paeng gəən bpai,แพงเกินไป
tooth,fan,ฟัน
traffic jam,rót-dtìt,รถติด
traffic light,fai-kiǎw-fai-daeng,ไฟเขียวไฟแดง
train,rót-fai,รถไฟ
train station,sà-tǎa-nii-rót-fai,สถานีรถไฟ
transparent,ŝǎi,ใส
travel,tiaw,เที่ยว
treat,liáng,เลี้ยง
tribe,chaao,ชาว
tricycle,sǎam-lɔ́ɔ,สามล้อ
tricycle taxi,dtúk-dtúk,ตุกตุก
try,lɔɔng,ลอง
Tuesday,wan-ang-kaan,วันอังคาร
turn left,liáw-sáai,เลี้ยวซ้าย
turn off,bpìt,ปิด
turn on,bpə̀ət,เปิด
turn right,liáw-kwǎa,เลี้ยวขวา
Turn right at the hospital.,liáw kwǎa tîi roong pa yaa baan,เลี้ยวขวาที่โรงพยาบาล
turtle,dtao,เต่า
twilight time,dtɔɔn-kâm,ตอนค่ำ
uncooked,dìp,ดิบ
under,dtâi,ใต้
understand,kâo-jai,เข้าใจ
unemployed,wâang ngaan,ว่างงาน
"University, Chiang Mai",Ma-hǎa-wít-ta-yaa-lai chiang-mai,มหาวิทยาลัยเชียงใหม่
unripe,dìp,ดิบ
up to you.,láew-dtàe-k,แล้วแต่
use,châi,ใช้
used to,kəəi,เตย
usually,bpà gà dtì,ปกติ
value,kâa,ค่า
vanish,hǎai,หาย
vegetable,pàk,ผัก
vegetarian,jay,เจ
very,mâak,มาก
vocabulary,kam sàp,คำศัพท์
waist,eew,เอว
wait,rɔɔ,รอ
wait,kɔɔi,คอย
Waiter / Waitress (younger person),nɔ́ɔng nɔ́ɔng,หน๊อง หน๊อง
"Waiter, the bill please.","nɔ́ɔng k, gèp dtang k / kít dtang k",หน๊องเก็บตาง / คิดตาง
wake up,dtʉ̀ʉn-nɔɔn,ตื่นนอน
walk,dəən,เดิน
want to,yàak,หย่าก
want to help people,yàak-chûai-kon,หย่ากช่วยคน
warn,dtʉan,เตือน
watch (time piece),naa-lí-gaa,นาฬิกา
watch (with eyes),duu,ดู
watch movie,duu nǎng,ดูหนัง
water,náam,น้ำ
water bill,kâa náam,ค่าน้ำ
water bill is too expensive,kâa náam paeng gəən bpai k,ค่าน้ำแพงเกินไป
waterfall,náam dtòk,น้ำตก
watermelon,dtaeng-moh,แตงโม
watermelon shake,dtaeng moo bpàn,แตงโมปั่น
We go to work.,rao bpai tam ngaan,เราไปทำงาน
We have breakfast for 15 minutes.,rao gin kâao cháao sìp hâa naa tii,เรากินข้าวเช้าสิบห้านาที
We like to eat Japanese food so much.,rao chɔ̂ɔp gin aa hǎan yîi bpùn mâak mâak,เราชอบกินอาหารญี่ปุ่นมาก ๆ
We study Thai for three hours.,rao rian tai sǎam chûa-moong,เราเรียนไทยสามชั่วโมง
We think Pong is handsome like Brad Pitt.,Rao kít wâa Pong lɔ̀ɔ mʉ̌an Brad Pitt,เราคิดว่าโพงหล่อเหมือน Brad Pitt
We will have a coffee break for 20 minutes.,rao jà pák dʉ̀ʉm gaa fea yîi sìp naa tii,เราจะพักดื่มกาแฟยี่สิบนาที
We will speak Thai in the bathroom.,pǒm/di chán jà pûut Thai tîi hɔ̂ɔng náam,ผม/ดิฉันจะพูดไทยที่ห้องน้ำ
weak,ɔ̀ɔn-ae,อ่อนแอ
weather,aa gaàt,อากาศ
wedding ceremony,ngaan dtaèng ngaan,งานแต่งงาน
Wednesday,wan-pút,วันพุธ
week,aa tít,อาทิตย์
weekend,sǎo-aa-tít,สุดสัปดาห์
well,dii,ดี
well,sa-baai-dii,สบายดี
western food,aa-hǎan-fá-ràng,อาหารฝรั่ง
Westerners don’t like Mondays.,fá ràng mâI chɔ̂ɔp wan jan,ฝรั่งไม่ชอบวันจันทร์
What are you afraid of?,kun glua arai,คุณกลัวอะไร
What are you doing?,kun-tam-arai ? (yùu) k,คุณทำอะไร
What color do you like the most?,chɔ̂ɔp-sǐi-arai-tîi-sùt,ชอบสีที่สุด
What country are you from?,kun maa jàak bprà têt à rai ?,คุณมาจากประเทศ
What did you say?,arai-ná-k,อะไรนะ
What do you do when you are stressed?,mûa krîat kun tam yang ngai?,เมื่อเครียดทำอย่างไง
what do you do?,tam-ngaan-arai,ทำงานอะไรอะไร
What do you want to do ?,kun yàak tam a rai ?,คุณหย่ากทำอะไร
What does your mother do?,mâe (kɔ̌ɔng) kun tam ngaan à rai?,แม่(ของ)คุณทำงานอะไร
What fruit do you like the most ?,kun chɔ̂ɔp pǒn-la-máai à-rai tîi sùt,คุณชอบผลไม้อะไรที่สุด
What is good to drink?,dùum a rai dii ?,ดื่มอะไรดี
What is good to eat?,gin a rai dii? taan a rai dii?,กินอะไรดี / ทานอะไรดี
What is the date tomorrow?,prûng-níi-wan-tîi-tâo-rai (?) K,พรุ่งนี้วันที่ เท่าไหร่
What is the day yesterday?,mʉ̂a-waan-níi-wan-arai-k,เมื่อวานนี้วันอะไร
What is the matter?,bpen a rai?,เป็นอะไร
What is this?,nîi-arai-k,นี่อะไร
What is your name ?,kun chʉ̂ʉ à rai?,คุณชื่ออะไร
What is your telephone number?,toh-ra-sap-kɔ̌ɔng-kun-bəə-arai-k,โทรศัพท์ของคุณเบอร์อะไร
what kind of person?,bpen kon yang ngai?,เป็นคนยังไง?
What shall we do on holiday ?,wan yùt rao tam à rai ? dii,วันหยุดเราทำอะไร
What shall we eat?,gin-arai-dii-k,กินอะไรดี
What time is it now?,dtɔɔn níi gìi moong ?,ตอนนี้กี่โมง
What time is your appointment with your friend?,kun mii nàt gàp pûan gìi moong ?,คุณมีหนัดกับพื่อนกี่โมง
What was your occupation?,mûa gɔ̀ɔn kun tam ngaan a rai,เมื่อก่อนคุณทำอะไร
what would you like to drink,dʉ̀ʉm-arai-dii-k,ดื่มอะไรดีเ
what?,arai (?),อะไร
What‘s this?,nîi a rai?,อันนี้อะไร
What’s the matter,bpen-arai-k,เป็นอะไร
what’s your favorite fruit?,chɔ̂ɔp-pôn-la-mái-arai-tîi-sùt,คุณชอบผลไม้อะไรที่สุด
Whatever.,arai-gɔ̂ɔ-dâi-k,อะไรก็ได้
when,mʉâ-rài,เมื่อไร
when,dtɔɔn,ตอน
when (statement),dtɔɔn-tîi,ตอนที่
When are you happy?,kun mii kwaam sùk mûa rài k?,คุณมีความสุขเมื่อไร
When did you come to Thailand for the first time?,kun maa Thai kráng râek mûa rài ?,คุณมาไทยครั้งแรกเมื่อไร
When did you go to Bankok ?,kun bpai grung têp mʉ̂a rài,คุณไปกรุงเทพเมื่อไร
When do you feel happy?,kun rúu sùk aarom dii mûa rài?,คุณรู้สึกอารมณ์ดีเมื่อไร
When will you go to see your friend?,kun jà bpai hǎa pûan mʉ̂a rai?,คุณจะไปหาเพื่อนเมื่อไร
When will you study Thai language ?,kun jà rian paa sǎa tai mʉ̂a-rài?,คุณจะเรียนภาษาไทยเมื่อไร
When you reach the crossroads then straight ahead about 1 kilometer.,"tʉ̌ng sìi yâek ,lá gɔ̂ɔ dtrong bpai bprà maan 1 gi loo",ถึงสี่แยกละก็ตรงไปประมาณ 1 กิโล
"When you reach the red light, then turn right.",tʉ̌ng fai daeng lá gɔ̂ɔ liáw kwǎa,ถึงไฟแดงละก็เลี้ยวขวา
When you see the traffic light turn left.,jəə-fai-daeng-lá-gɔ̂ɔ-líaw-sáai-k,เจอไฟแดงละก็เลี้ยวซ้าย
where,tîi-nǎi,ที่ไหน
Where are you going ?,kun jà bpai nǎI ?,คุณจะไปไหน
Where can I buy some pomelo ?,pǒm / di chán sʉ́ʉ sôm-oo dâi tîi nǎi,ผม/ ดีฉัซื้อส้มโอได้ที่ไหน
Where did you go yesterday?,mʉ̂a waan níi kun bpai nǎi maa ?,เมื่อวานนี้คุณไปไหนมา
Where do you like to take a trip ?,kun chɔ̂ɔp bpai tiâw tîi nǎi ?,คุณชอบไปเที่ยวที่ไหน
Where have you been ?,bpai nǎi maa ?,ไปไหนมา
Where is a Thai restaurant ?,ráan aa hǎan yùu tîi nǎi ?,ร้านอาหารไทยอยู่ที่ไหน
Where is the bathroom ?,hɔ̂ɔng náam yùu tîi nǎi ?,ห้องน้ำอยู่ที่ไหน
Where is your family ?,krɔ̂ɔp-krua (kɔ̌ɔng) kun yùu tîi nǎi?,ครอบครัว(ของ)คุณอยู่ที่ไหน
Where shall we go?,bpai-tîi-nǎi(?)-dii-k,ไปที่ไหนดี
where will you go?,bpai-nǎi (?),ไปไหน
where?,tîi-nǎi,ที่ไหน
Which day do you learn Thai?,Kun rian Thai wan nǎi?,คุณเรียนไทยวันไหน
Which day will you go back to Bangkok?,kun bpai/glàp grung têp wan nǎi?,คุณไปกลับกรุงเทพวันไหน
Which way to Chiang Mai airport?,sa nǎam bin bpai taang nǎi ?,สนามบินไปทางไหน
Which way to Chiang Mai Zoo?,suǎn sàt bpai taang nǎi ?,สวนสัตว์ไปทางไหน
Which way to the noodle shop.,ráan guǎy dtiǎw bpai taang nǎi ?,ร้านก๋วยเตี๋ยวไปทางไหน
Which way to………?,place + bpai taang nǎi ?,ไปทางไหน
white,sǐǐ-kaǎo,สีขาว
who,krai (?),ใคร
Who does he live with?,káo yùu gàp krai?,เขาอยู่กับใคร
Who will you marry?,kun jà dtaèng ngaan gap krai,คุณจะแต่งงานกับใคร
why,tam-mai,ทำไม
Why are you a teacher?,tam mai? kun bpen kruu,ทำไมคุณเป็นครู
Why do westerners not like durian ?,tam mai ? fá ràng mâi chɔ̂ɔp tú-rian,ทำไมฝรั่งไม่ชอบทุเรียน
wide,gwâang,กว้าง
wife,Faen,ทำไม
wife,mia,เมีย
wife,pan-ra-yaa,ภรรยา
will,jà,จะ
wing of bird,bpìik,ปีก
with (insert),sài,ใส่
with (separate item),gàp,กับ
with soup,náam (of noodles),TODO
with whom,gàp-krai (?),กับใคร
withdraw,tɔ̌ɔn,ถอน
without,mâi-sài,ได้ใส่
without soup,hâeng (of noodles),แห้ง
woman,pûu-yǐng,ผู้หญิง
woo,jìip,จีบ
work,tam-ngaan,ทำงาน
worthy of,nâa,todo
Would you like to be a dentist?,kun yàak bpen mɔ̌ɔ fan mái?,คุณหย่ากเป็นหมอฟันไหม
Would you like to drink coffee?,kun yàak dʉ̀ʉm gaa fae mái?,คุณหย่ากดื่มกาแฟไหม
write,kiǎn,เขียน
year,bpii,ปี
yellow,sǐǐ-lʉǎng,สีเหลือง
yen,yen,เยน
yes (right),châi,ใช้
yes or no?,mái (?),ไหม
yesterday,mʉâ-waan-níi,เมื่อวานนี้
Yesterday was Monday.,mʉ̂a-waan-níi-wan-jan,เมื่อวานนี้วันจันทร์
you,kun,คุณ
You are a sweet talker.,kun pàak wǎan,คุณปากหวาน
You are busy. I am also busy.,"kun yûng , pǒm/di chán yûng dûay",คุณยุ่งผม/ดีฉันยุ่ง
You are most beautiful.,sǔai-tîi-sùt,สวยที่สุด
You’re welcome,mâi-bpen-rai-k,ไม่ได้มีไร
young,aa-yú-nɔ́ɔi,อายุน้อย
younger,nɔ́ɔng k,น้อง
younger brother,nɔ́ɔng-chaai,น้องชาย
younger sister,nɔ́ɔng-sǎao,น้องสาว
youngster sister / brother,nɔ́ɔng,น้อง
Your friend is beautiful.,pûan kɔ̌ɔng kun suǎi dii,เพื่อนของคุณสวยดี
zoo,suǎn sàt,สวนสัตว์
